ID,Language_ID,Parameter_ID,Form,Segments,Comment,Source,form_in_source
1,duhumbi,1sg,,g a,,,
2,duhumbi,2sg,,n a ŋ,,,
3,duhumbi,3sg,,w ɔ j,,,
4,duhumbi,ant,,kʰ i n + tɕʰ ɔ k,,,
5,duhumbi,armhand,,h u t,,,
6,duhumbi,ash,,tɕʰ u + pʰ a k,,,
7,duhumbi,big,,ɔ + d ɔ k,,,
8,duhumbi,bird,,w̥ a,,,
9,duhumbi,bite,,z ɛ k,,,
10,duhumbi,bitter,,tɕʰ a k + b a,,,
11,duhumbi,black,,u + tɕʰ a m,,,
12,duhumbi,blood,,h ɔ j,,,
13,duhumbi,bone,,ɕ a + kʰ u s,,,
14,duhumbi,breast,,n u,,,
15,duhumbi,toburnit,,h a j,,,
16,duhumbi,tocarryonback,,b u,,,
17,duhumbi,cloud,,m u k p a,,,
18,duhumbi,tocryweep,,kʰ i p,,,
19,duhumbi,todie,,i,,,
20,duhumbi,todomake,,l e,,,
21,duhumbi,dog,,w a + tʰ i,,,
22,duhumbi,drink,,ɲ i ŋ,,,
23,duhumbi,dry,,w a + a r,,,
24,duhumbi,ear,,kʰ u + tʰ u ŋ,,,
25,duhumbi,eat,,tɕʰ a,,,
26,duhumbi,egg,,h ɔ j + dʑ ɔ ŋ,,,
27,duhumbi,eye,,kʰ u + m,,,
28,duhumbi,far,,tʰ a + u + ɹ i ŋ,,,
29,duhumbi,fat,,ɔ + j ɔ w,,,
30,duhumbi,fingernail,,h u t + ts u n,,,
31,duhumbi,fire,,b ɛ j,,,
32,duhumbi,fish,,ŋ a,,,
33,duhumbi,fleshmeat,,ɕ a,,,
34,duhumbi,tofly,,ɕ ɛ ɹ,,,
35,duhumbi,full,,p ɕ i ŋ + b a,,,
36,duhumbi,togive,,ɕ i,,,
37,duhumbi,togo,,w a,,,
38,duhumbi,good,,ɔ + dʑ ɔ p,,,
39,duhumbi,haironhead,,kʰ u + ɕ a ŋ,,,
40,duhumbi,hard,,k a k t a r,,,
41,duhumbi,head,,kʰ ɔ + l ɔ k,,,
42,duhumbi,tohear,,dʑ a s,,,
43,duhumbi,heavy,,u + l i,,,
44,duhumbi,tohide,,u k,,,
45,duhumbi,tokill,,a t,,,
46,duhumbi,horn,,kʰ ɛ ŋ,,,
47,duhumbi,house,,w a m,,,
48,duhumbi,in,,n a ŋ,,,
49,duhumbi,knee,,k ɔː l ɔ k + p a,,,
50,duhumbi,toknow,,d ɛ n,,,
51,duhumbi,tolaugh,,ʑ ɛ j,,,
52,duhumbi,leaf,,u + l a p,,,
53,duhumbi,legfoot,,l ɛ j,,,
54,duhumbi,liver,,ɕ a + t a ŋ k u,,,
55,duhumbi,long,,u + r i ŋ,,,
56,duhumbi,louse,,h ɛ k,,,
57,duhumbi,moon,,n a m + b a,,,
58,duhumbi,mouth,,h ɔ + tɕ u,,,
59,duhumbi,name,,b i ŋ,,,
60,duhumbi,navel,,b ɔː + d i,,,
61,duhumbi,neck,,h ɛ n + tʰ ɔ ŋ,,,
62,duhumbi,new,,ɔ + kʰ ɔ n,,,
63,duhumbi,nose,,h ɛ m + pʰ ɔ ŋ,,,
64,duhumbi,not,,b a,,,
65,duhumbi,oldofthings,,ɔ + m ɛ n,,,
66,duhumbi,one,,h i n,,,
67,duhumbi,path,,h u m a,,,
68,duhumbi,rain,,n a + m u,,,
69,duhumbi,red,,ɔ + kʰ e k,,,
70,duhumbi,root,,r a + b a,,,
71,duhumbi,torun,,d u r,,,
72,duhumbi,salt,,h a,,,
73,duhumbi,sand,,b e ts a,,,
74,duhumbi,tosay,,i n,,,
75,duhumbi,tosee,,a j,,,
76,duhumbi,tosit,,dʑ u,,,
77,duhumbi,skinhide,,ɕ a + kʰ ɔ k,,,
78,duhumbi,tosleep,,m i n,,,
79,duhumbi,small,,k a + t i,,,
80,duhumbi,smoke,,b u + kʰ u,,,
81,duhumbi,stand,,kʰ i ŋ,,,
82,duhumbi,star,,k a ɹ m a,,,
83,duhumbi,stonerock,,l u ŋ,,,
84,duhumbi,sun,,n a + m i,,,
85,duhumbi,sweet,,j ɔ ŋ + j ɔ ŋ,,,
86,duhumbi,tail,,ɲ ɔ j,,,
87,duhumbi,totake,,tʰ ɔ n,,,
88,duhumbi,thick,,ɔ + tʰ ɛ s,,,
89,duhumbi,this,,ɔ + tɕʰ i,,,
90,duhumbi,tongue,,l ɔ j,,,
91,duhumbi,tooth,,h i n + t u ŋ,,,
92,duhumbi,water,,kʰ o w,,,
93,duhumbi,what,,a + b e,,,
94,duhumbi,white,,j a ŋ + k a ɹ,,,
95,duhumbi,who,,m i,,,
96,duhumbi,wind,,n a m + s u ŋ,,,
97,duhumbi,wing,,p ɛ m p u,,,
98,duhumbi,woman,,dʑ u + m u,,,
99,duhumbi,wood,,ɕ i ŋ,,,
100,duhumbi,yesterday,,d ɛ j + j u,,,
101,khispi,1sg,,g a,,,
102,khispi,2sg,,n a ŋ,,,
103,khispi,3sg,,w u j,,,
104,khispi,ant,,kʰ e + tɕʰ ɔ k,,,
105,khispi,armhand,,h u t,,,
106,khispi,ash,,tɕʰ u + pʰ a,,,
107,khispi,big,,ɔ + d ɔ k,,,
108,khispi,bird,,w̥ a,,,
109,khispi,bite,,z ɛ k,,,
110,khispi,bitter,,tɕʰ a k + b a,,,
111,khispi,black,,u + tɕʰ a m,,,
112,khispi,blood,,h ɔ j,,,
113,khispi,bone,,ɕ a + kʰ u s,,,
114,khispi,breast,,ɲ u,,,
115,khispi,toburnit,,h a j,,,
116,khispi,tocarryonback,,b u,,,
117,khispi,cloud,,t ɔ ŋ + t i,,,
118,khispi,tocryweep,,kʰ i p,,,
119,khispi,todie,,i,,,
120,khispi,todomake,,l i,,,
121,khispi,dog,,w a + tʰ i,,,
122,khispi,drink,,ɲ i ŋ,,,
123,khispi,dry,,ɔ + w a l,,,
124,khispi,ear,,kʰ u + tʰ u ŋ,,,
125,khispi,eat,,tɕʰ a,,,
126,khispi,egg,,ɔ + g ɔ ŋ,,,
127,khispi,eye,,kʰ u + m ɔː,,,
128,khispi,far,,tʰ a + u + l i ŋ,,,
129,khispi,fat,,ɔ + j u,,,
130,khispi,fingernail,,h u t + ts i n,,,
131,khispi,fire,,b e j,,,
132,khispi,fish,,ŋ a,,,
133,khispi,fleshmeat,,ɕ a,,,
134,khispi,tofly,,ɕ ɛ l,,,
135,khispi,full,,p ɕ i ŋ + b a,,,
136,khispi,togive,,ɕ i,,,
137,khispi,togo,,w a,,,
138,khispi,good,,n a k + p a,,,
139,khispi,haironhead,,kʰ u + ɕ a ŋ,,,
140,khispi,hard,,k a k t a l,,,
141,khispi,head,,kʰ ɔ + l ɔ k,,,
142,khispi,tohear,,kʰ a + l a,,,
143,khispi,heavy,,u + l i,,,
144,khispi,tohide,,u k,,,
145,khispi,tokill,,a t,,,
146,khispi,horn,,kʰ ɛ ŋ,,,
147,khispi,house,,w a m,,,
148,khispi,in,,n a ŋ,,,
149,khispi,knee,,k ɔː l ɔ k + p a,,,
150,khispi,toknow,,d ɛ n,,,
151,khispi,tolaugh,,ʑ e j,,,
152,khispi,leaf,,u + l a p,,,
153,khispi,legfoot,,l e j,,,
154,khispi,liver,,ɕ a p + ɕ i n,,,
155,khispi,long,,u + l i ŋ,,,
156,khispi,louse,,h ɛ k,,,
157,khispi,moon,,n a m + b a,,,
158,khispi,mouth,,h ɔ + tɕ ɔ,,,
159,khispi,name,,b i ŋ,,,
160,khispi,navel,,b ɔː + d i,,,
161,khispi,neck,,h ɛ n + tʰ ɔ ŋ,,,
162,khispi,new,,ɔ + h a n,,,
163,khispi,nose,,h ɛ m + pʰ ɔ ŋ,,,
164,khispi,not,,b a,,,
165,khispi,oldofthings,,ɔ + m ɛ n,,,
166,khispi,one,,h i n,,,
167,khispi,path,,h u m a,,,
168,khispi,rain,,n a + m u,,,
169,khispi,red,,ɔ + h ɛ k,,,
170,khispi,root,,h i ŋ ŋ a + l e j,,,
171,khispi,torun,,d u l,,,
172,khispi,salt,,h a,,,
173,khispi,sand,,b e ts a,,,
174,khispi,tosay,,i n,,,
175,khispi,tosee,,a j,,,
176,khispi,tosit,,dʑ u,,,
177,khispi,skinhide,,ɕ a + kʰ ɔ k,,,
178,khispi,tosleep,,m i n,,,
179,khispi,small,,ɕ a + d a,,,
180,khispi,smoke,,b u + kʰ u,,,
181,khispi,stand,,kʰ i ŋ,,,
182,khispi,star,,k a l m a,,,
183,khispi,stonerock,,l u ŋ,,,
184,khispi,sun,,n a + m i,,,
185,khispi,sweet,,ɔ + b e j + d a,,,
186,khispi,tail,,ɲ u j,,,
187,khispi,totake,,tʰ ɔ n,,,
188,khispi,thick,,ɔ + tʰ ɛ s,,,
189,khispi,this,,u + tɕʰ i,,,
190,khispi,tongue,,l u j,,,
191,khispi,tooth,,ɕ i n + t u ŋ,,,
192,khispi,water,,kʰ a w,,,
193,khispi,what,,a + b e,,,
194,khispi,white,,j a ŋ + k a l,,,
195,khispi,who,,m i,,,
196,khispi,wind,,n a m + s u ŋ,,,
197,khispi,wing,,ɲ u j + pʰ a,,,
198,khispi,woman,,dʑ u + m u,,,
199,khispi,wood,,h i ŋ,,,
200,khispi,yesterday,,d i + j u,,,
201,rupa,1sg,,g u,,,
202,rupa,2sg,,n a ŋ,,,
203,rupa,3sg,,w a,,,
204,rupa,ant,,s a n + dʑ ɔ k,,,
205,rupa,armhand,,i k,,,
206,rupa,ash,,tɕʰ a + pʰ l uː,,,
207,rupa,big,,a + d ɔ k,,,
208,rupa,bird,,h u,,,
209,rupa,bite,,z ɛ k,,,
210,rupa,bitter,,tɕʰ ɐ k,,,
211,rupa,black,,a + tɕʰ ũː,,,
212,rupa,blood,,h aː,,,
213,rupa,bone,,s + k i k,,,
214,rupa,breast,,ɲ y ŋ,,,
215,rupa,toburnit,,h aː,,,
216,rupa,tocarryonback,,b yː,,,
217,rupa,cloud,,s + t y,,,
218,rupa,tocryweep,,kʰ e,,,
219,rupa,todie,,iː,,,
220,rupa,todomake,,r a,,,
221,rupa,dog,,b ə + tʰ aː,,,
222,rupa,drink,,l i ŋ,,,
223,rupa,dry,,ɔ + ɔ̃ː,,,
224,rupa,ear,,g ə + tʰ y ŋ,,,
225,rupa,eat,,tsʰ u,,,
226,rupa,egg,,a + j u ŋ,,,
227,rupa,eye,,kʰ a + b y,,,
228,rupa,far,,a + tɕʰ ɔ̃ː,,,
229,rupa,fat,,a + j ɔː,,,
230,rupa,fingernail,,i k + ts i ŋ,,,
231,rupa,fire,,b a,,,
232,rupa,fish,,ɲ u,,,
233,rupa,fleshmeat,,s u,,,
234,rupa,tofly,,tɕʰ a n,,,
235,rupa,full,,pʰ i ŋ + b a,,,
236,rupa,togive,,tɕʰ i,,,
237,rupa,togo,,r ɔ,,,
238,rupa,good,,a + dʑ a p,,,
239,rupa,haironhead,,g ə + z a ŋ,,,
240,rupa,hard,,a + tɕ u,,,
241,rupa,head,,kʰ + r u k,,,
242,rupa,tohear,,j ɔ,,,
243,rupa,heavy,,a + l iː,,,
244,rupa,tohide,,u k,,,
245,rupa,tokill,,ɔ,,,
246,rupa,horn,,kʰ ɛ ŋ,,,
247,rupa,house,,j a m,,,
248,rupa,in,,a + l y ŋ,,,
249,rupa,knee,,l ə + pʰ y k,,,
250,rupa,toknow,,d a n,,,
251,rupa,tolaugh,,z aː,,,
252,rupa,leaf,,a + l a p,,,
253,rupa,legfoot,,l a,,,
254,rupa,liver,,a + tsʰ ɛ̃ː,,,
255,rupa,long,,a + r ɛ ŋ,,,
256,rupa,louse,,h ɛ k,,,
257,rupa,moon,,n a m + b l u,,,
258,rupa,mouth,,n ə + tsʰ a w,,,
259,rupa,name,,a + z ɛ ŋ,,,
260,rupa,navel,,b + r aː,,,
261,rupa,neck,,tʰ u ŋ + ts ɛ̃ː,,,
262,rupa,new,,a + f a n,,,
263,rupa,nose,,n ə + pʰ u ŋ,,,
264,rupa,not,,b ə,,,
265,rupa,oldofthings,,a + m a n,,,
266,rupa,one,,h a n,,,
267,rupa,path,,l ə m u,,,
268,rupa,rain,,n ə + tsʰ uː,,,
269,rupa,red,,ə + h ɛ k,,,
270,rupa,root,,ə + h ĩː,,,
271,rupa,torun,,tɕʰ aː,,,
272,rupa,salt,,h ũː,,,
273,rupa,sand,,m ə + kʰ ɔ,,,
274,rupa,tosay,,a m,,,
275,rupa,tosee,,ɔː,,,
276,rupa,tosit,,dʑ au,,,
277,rupa,skinhide,,s + k u k,,,
278,rupa,tosleep,,dʑ i ŋ,,,
279,rupa,small,,a + tɕ a n + d u,,,
280,rupa,smoke,,b a + kʰ y,,,
281,rupa,stand,,kʰ ĩː,,,
282,rupa,star,,z y k,,,
283,rupa,stonerock,,l ý/y ŋ,,,
284,rupa,sun,,n ə + n yː,,,
285,rupa,sweet,,a + tɕ ĩː,,,
286,rupa,tail,,a + ɲ aː,,,
287,rupa,totake,,tʰ øː,,,
288,rupa,thick,,a + tʰ a t,,,
289,rupa,this,,tʰ w a,,,
290,rupa,tongue,,l aː + pʰ ɔ̃,,,
291,rupa,tooth,,t ɔ k tɕʰ eː,,,
292,rupa,water,,kʰ oː,,,
293,rupa,what,,m u s i + aː,,,
294,rupa,white,,a + z ɔ̃ː,,,
295,rupa,who,,ɲ iː,,,
296,rupa,wind,,n ə + s ɔ m,,,
297,rupa,wing,,n ə + pʰ a ŋ,,,
298,rupa,woman,,dʑ ə + m y,,,
299,rupa,wood,,h i ŋ,,,
300,rupa,yesterday,,d i + j au,,,
301,shergaon,1sg,,g u,,,
302,shergaon,2sg,,n a ŋ,,,
303,shergaon,3sg,,w a,,,
304,shergaon,ant,,s a n + dʑ ɔ k,,,
305,shergaon,armhand,,i k,,,
306,shergaon,ash,,tɕʰ a + pʰ uː,,,
307,shergaon,big,,a + d ɔ k,,,
308,shergaon,bird,,h u,,,
309,shergaon,bite,,z ɛ k,,,
310,shergaon,bitter,,a + tɕʰ a k,,,
311,shergaon,black,,a + tɕʰ ɔ̃ː,,,
312,shergaon,blood,,h aː,,,
313,shergaon,bone,,s + k i t,,,
314,shergaon,breast,,ɲ u ŋ,,,
315,shergaon,toburnit,,h aː,,,
316,shergaon,tocarryonback,,b yː,,,
317,shergaon,cloud,,s i n + t y,,,
318,shergaon,tocryweep,,kʰ e,,,
319,shergaon,todie,,iː,,,
320,shergaon,todomake,,r a,,,
321,shergaon,dog,,pʰ + tʰ aː,,,
322,shergaon,drink,,i ŋ,,,
323,shergaon,dry,,ɔ + ɔ̃ː,,,
324,shergaon,ear,,kʰ ə + tʰ u ŋ + l a p,,,
325,shergaon,eat,,tɕʰ u,,,
326,shergaon,egg,,kʰ l ɔ m,,,
327,shergaon,eye,,kʰ i + b iː,,,
328,shergaon,far,,a + tɕʰ ɔ̃ː,,,
329,shergaon,fat,,a + j ɔː,,,
330,shergaon,fingernail,,i k + tɕ i ŋ,,,
331,shergaon,fire,,b a,,,
332,shergaon,fish,,ɲ u,,,
333,shergaon,fleshmeat,,s u,,,
334,shergaon,tofly,,tɕʰ a n,,,
335,shergaon,full,,pʰ i ŋ + b a,,,
336,shergaon,togive,,kʰ j i,,,
337,shergaon,togo,,r o,,,
338,shergaon,good,,a + dʑ a p,,,
339,shergaon,haironhead,,g ə + z a ŋ,,,
340,shergaon,hard,,a + tɕ u,,,
341,shergaon,head,,kʰ + r u k,,,
342,shergaon,tohear,,j o,,,
343,shergaon,heavy,,a + l iː,,,
344,shergaon,tohide,,u k,,,
345,shergaon,tokill,,o,,,
346,shergaon,horn,,kʰ ɛ ŋ,,,
347,shergaon,house,,j a m,,,
348,shergaon,in,,a + l u ŋ,,,
349,shergaon,knee,,kʰ l ɔ k + p uː,,,
350,shergaon,toknow,,d a n,,,
351,shergaon,tolaugh,,z aː,,,
352,shergaon,leaf,,a + l a p,,,
353,shergaon,legfoot,,l a,,,
354,shergaon,liver,,a + tɕʰ ĩː,,,
355,shergaon,long,,a + r ɛ ŋ,,,
356,shergaon,louse,,h ɛ k,,,
357,shergaon,moon,,n a m + b l u,,,
358,shergaon,mouth,,n ə + tɕʰ a w,,,
359,shergaon,name,,a + z ɛ ŋ,,,
360,shergaon,navel,,b u + t i + m uː,,,
361,shergaon,neck,,t a k r aː,,,
362,shergaon,new,,u + f a n,,,
363,shergaon,nose,,n ə + pʰ u ŋ,,,
364,shergaon,not,,b ə,,,
365,shergaon,oldofthings,,a + m a n,,,
366,shergaon,one,,h a n,,,
367,shergaon,path,,l ə m u,,,
368,shergaon,rain,,ɲ i + m i,,,
369,shergaon,red,,ə + h ɛ k,,,
370,shergaon,root,,r a + b ɔː,,,
371,shergaon,torun,,tɕʰ aː,,,
372,shergaon,salt,,h u ŋ,,,
373,shergaon,sand,,b e ts ɔ,,,
374,shergaon,tosay,,a m,,,
375,shergaon,tosee,,ɔː,,,
376,shergaon,tosit,,dʑ au,,,
377,shergaon,skinhide,,s + k u k,,,
378,shergaon,tosleep,,dʑ i n,,,
379,shergaon,small,,a + tɕ a n + d u,,,
380,shergaon,smoke,,b a + kʰ y,,,
381,shergaon,stand,,kʰ ĩː,,,
382,shergaon,star,,tɕʰ u + z u k,,,
383,shergaon,stonerock,,l u ŋ,,,
384,shergaon,sun,,n ə + n iː,,,
385,shergaon,sweet,,a + tɕ ĩː,,,
386,shergaon,tail,,a + ɲ aː,,,
387,shergaon,totake,,tʰ ɛː,,,
388,shergaon,thick,,a + tʰ ɛ t,,,
389,shergaon,this,,tʰ a,,,
390,shergaon,tongue,,l aː,,,
391,shergaon,tooth,,n ə + tʰ u ŋ,,,
392,shergaon,water,,kʰ oː,,,
393,shergaon,what,,m ə + r aː,,,
394,shergaon,white,,a + z ɔ̃ː,,,
395,shergaon,who,,ɲ iː,,,
396,shergaon,wind,,n ə + s ɔ m,,,
397,shergaon,wing,,l ə + pʰ a ŋ,,,
398,shergaon,woman,,dʑ ə + m i,,,
399,shergaon,wood,,h i ŋ,,,
400,rahung,1sg,,g u,,,
401,rahung,2sg,,n a ŋ,,,
402,rahung,3sg,,h ɛ,,,
403,rahung,3sg,,ʔ ɛ,,,
404,rahung,ant,,s a ŋ + dʑ ɔ k,,,
405,rahung,armhand,,i k,,,
406,rahung,ash,,tɕʰ a + pʰ l uː,,,
407,rahung,big,,a + d ɔ k,,,
408,rahung,bird,,h u,,,
409,rahung,bite,,z ɛ k,,,
410,rahung,bitter,,tɕʰ a k,,,
411,rahung,black,,a + tɕʰ ũː,,,
412,rahung,blood,,h ɛː,,,
413,rahung,bone,,s + k i k,,,
414,rahung,breast,,n y ŋ,,,
415,rahung,toburnit,,h ɛː,,,
416,rahung,tocarryonback,,b yː,,,
417,rahung,cloud,,s y n + t y,,,
418,rahung,tocryweep,,tɕʰ e,,,
419,rahung,todie,,iː,,,
420,rahung,todomake,,r ɛ,,,
421,rahung,todomake,,r a,,,
422,rahung,dog,,pʰ + tʰ ɛː,,,
423,rahung,drink,,l i ŋ,,,
424,rahung,dry,,ɔ + ɔ̃ː,,,
425,rahung,ear,,kʰ + tʰ y ŋ,,,
426,rahung,eat,,tɕʰ u,,,
427,rahung,egg,,a + j u ŋ,,,
428,rahung,eye,,kʰ a + b y,,,
429,rahung,far,,a + tɕʰ ɔ̃ː,,,
430,rahung,fat,,a + j ɔ w,,,
431,rahung,fingernail,,i k + tɕ i ŋ,,,
432,rahung,fire,,b ɛ,,,
433,rahung,fish,,n u,,,
434,rahung,fleshmeat,,s u,,,
435,rahung,tofly,,tɕʰ ɛ m,,,
436,rahung,full,,a + pʰ i ŋ,,,
437,rahung,togive,,tɕʰ i,,,
438,rahung,togo,,r ɔ,,,
439,rahung,good,,a + dʑ a p,,,
440,rahung,haironhead,,g ə + z a ŋ,,,
441,rahung,hard,,a + tɕ u,,,
442,rahung,head,,kʰ + r u k,,,
443,rahung,tohear,,j ɔ̃,,,
444,rahung,heavy,,a + l iː,,,
445,rahung,tohide,,u k,,,
446,rahung,tokill,,ɔ,,,
447,rahung,horn,,tɕʰ ɛ ŋ,,,
448,rahung,house,,j a m,,,
449,rahung,in,,a + l y ŋ,,,
450,rahung,knee,,l a + pʰ i k + kʰ ɔ m,,,
451,rahung,toknow,,d ɛ n,,,
452,rahung,tolaugh,,z ɛː,,,
453,rahung,leaf,,a + r a p,,,
454,rahung,legfoot,,l ɛ,,,
455,rahung,liver,,a + tɕʰ ĩː,,,
456,rahung,long,,a + r ɛ ŋ,,,
457,rahung,louse,,h ɛ k,,,
458,rahung,moon,,n a m + b r u,,,
459,rahung,mouth,,tɕʰ ə + tɕʰ oː,,,
460,rahung,name,,a + dʑ ɛ ŋ,,,
461,rahung,navel,,b + r ɛː,,,
462,rahung,neck,,pʰ + tʰ u ŋ,,,
463,rahung,new,,a + h ɛ n,,,
464,rahung,nose,,m a + pʰ u ŋ,,,
465,rahung,not,,b ə,,,
466,rahung,oldofthings,,a + m ɛ n,,,
467,rahung,one,,h ɛ n,,,
468,rahung,path,,l y m,,,
469,rahung,rain,,pʰ + tɕʰ u,,,
470,rahung,red,,ə + h ɛ k,,,
471,rahung,root,,i + h ĩː,,,
472,rahung,torun,,tɕ ɛː,,,
473,rahung,salt,,h ũ ŋ,,,
474,rahung,sand,,kʰ ə + b ɔ,,,
475,rahung,tosay,,a n,,,
476,rahung,tosee,,ɔː,,,
477,rahung,tosit,,dʑ o,,,
478,rahung,skinhide,,s + k u k,,,
479,rahung,tosleep,,dʑ i ŋ,,,
480,rahung,small,,tɕ ɔ̃ː + d u,,,
481,rahung,smoke,,b a + kʰ y,,,
482,rahung,stand,,tɕʰ ĩː,,,
483,rahung,star,,tɕʰ y ŋ + z y k,,,
484,rahung,stonerock,,r ý/y ŋ,,,
485,rahung,sun,,n ə + m iː,,,
486,rahung,sweet,,tɕ ĩː,,,
487,rahung,tail,,a + n ɛʰ/ɛ,,,
488,rahung,totake,,tʰ ɛ n,,,
489,rahung,thick,,a + tʰ ɛ,,,
490,rahung,this,,tʰ ə,,,
491,rahung,tongue,,l ɛː,,,
492,rahung,tooth,,pʰ + tʰ y ŋ,,,
493,rahung,water,,kʰ oː,,,
494,rahung,water,,kʰ o w,,,
495,rahung,what,,pʰ + tɕʰ ɔ̃ː + w aː,,,
496,rahung,white,,a + z ɔ̃ː,,,
497,rahung,who,,m iː,,,
498,rahung,wind,,p + s ø m,,,
499,rahung,wing,,m ə + pʰ a ŋ,,,
500,rahung,woman,,dʑ ə + m y,,,
501,rahung,wood,,h i ŋ,,,
502,rahung,yesterday,,dʑ ɔ + h ɔː,,,
503,rahung,yesterday,,dʑ oː,,,
504,khoitam,1sg,,g u,,,
505,khoitam,2sg,,n a ŋ,,,
506,khoitam,3sg,,w a + dʑ i,,,
507,khoitam,ant,,s a ŋ + dʑ ɔ k,,,
508,khoitam,armhand,,i k,,,
509,khoitam,ash,,tɕʰ a + pʰ l uː,,,
510,khoitam,big,,a + d ɔ k,,,
511,khoitam,bird,,h u,,,
512,khoitam,bite,,z ɛ k,,,
513,khoitam,bitter,,tɕʰ a k,,,
514,khoitam,black,,a + tɕʰ ũː,,,
515,khoitam,blood,,h ɛː,,,
516,khoitam,bone,,s ə + k i k,,,
517,khoitam,bone,,s + k i k,,,
518,khoitam,breast,,n y ŋ,,,
519,khoitam,toburnit,,h ɛː,,,
520,khoitam,tocarryonback,,b yː,,,
521,khoitam,cloud,,s y ŋ + t y,,,
522,khoitam,tocryweep,,tɕʰ e,,,
523,khoitam,todie,,iː,,,
524,khoitam,todomake,,r ɛ,,,
525,khoitam,dog,,pʰ + tʰ ɛː,,,
526,khoitam,drink,,l i ŋ,,,
527,khoitam,dry,,y k + ãː,,,
528,khoitam,ear,,kʰ + tʰ y ŋ,,,
529,khoitam,eat,,tɕʰ u,,,
530,khoitam,egg,,a + j u ŋ,,,
531,khoitam,eye,,kʰ a + b y,,,
532,khoitam,far,,a + tɕʰ ɔ̃ː,,,
533,khoitam,fat,,a + j ɔː,,,
534,khoitam,fingernail,,i k + ts i ŋ,,,
535,khoitam,fire,,b ɛ,,,
536,khoitam,fish,,n u,,,
537,khoitam,fleshmeat,,s u,,,
538,khoitam,tofly,,tɕʰ a n,,,
539,khoitam,full,,a + pʰ i ŋ,,,
540,khoitam,togive,,tɕʰ i,,,
541,khoitam,togo,,r ɔ,,,
542,khoitam,good,,a + dʑ a p,,,
543,khoitam,haironhead,,g ə + z a ŋ,,,
544,khoitam,hard,,a + tɕ u,,,
545,khoitam,head,,kʰ + r u k,,,
546,khoitam,tohear,,j ɔ̃,,,
547,khoitam,heavy,,a + l iː,,,
548,khoitam,tohide,,u k,,,
549,khoitam,tokill,,ɔ,,,
550,khoitam,horn,,tɕʰ ɛ ŋ,,,
551,khoitam,house,,j a m,,,
552,khoitam,in,,a + l y ŋ,,,
553,khoitam,knee,,l ə + pʰ i k + kʰ ɔ m,,,
554,khoitam,toknow,,d ɛ n,,,
555,khoitam,tolaugh,,z ɛː,,,
556,khoitam,leaf,,a + r a p,,,
557,khoitam,legfoot,,l ɛ,,,
558,khoitam,liver,,s ə + s ĩː,,,
559,khoitam,long,,a + r ɛ ŋ,,,
560,khoitam,louse,,h ɛ k,,,
561,khoitam,moon,,n a m + b l u,,,
562,khoitam,mouth,,tɕʰ ə + s ɔː,,,
563,khoitam,name,,a + dʑ ɛ ŋ,,,
564,khoitam,navel,,b + r ɛː,,,
565,khoitam,neck,,n ə + tʰ u ŋ,,,
566,khoitam,new,,a + f a n,,,
567,khoitam,nose,,n ə + pʰ u ŋ,,,
568,khoitam,not,,b ə,,,
569,khoitam,oldofthings,,a + m a n,,,
570,khoitam,one,,h a n,,,
571,khoitam,path,,l y m,,,
572,khoitam,rain,,n ə + tɕʰ u,,,
573,khoitam,red,,ə + h ɛ k,,,
574,khoitam,root,,a + h ĩː,,,
575,khoitam,torun,,r i ŋ,,,
576,khoitam,salt,,h u ŋ,,,
577,khoitam,sand,,kʰ ə + pʰ ɔ,,,
578,khoitam,tosay,,a n,,,
579,khoitam,tosee,,n ũː,,,
580,khoitam,tosit,,dʑ ɔː,,,
581,khoitam,skinhide,,s + k u k,,,
582,khoitam,tosleep,,dʑ i ŋ,,,
583,khoitam,small,,a + dʑ a n + d u,,,
584,khoitam,smoke,,b a + kʰ y,,,
585,khoitam,stand,,tɕʰ ĩː,,,
586,khoitam,star,,tɕʰ y ŋ + z y k,,,
587,khoitam,stonerock,,r ý/y ŋ,,,
588,khoitam,sun,,n ə + m iː,,,
589,khoitam,sweet,,tɕ ĩː,,,
590,khoitam,tail,,a + n ɛʰ/ɛ,,,
591,khoitam,totake,,tʰ ĩː,,,
592,khoitam,thick,,a + tʰ ɛ,,,
593,khoitam,this,,tʰ ɛː,,,
594,khoitam,tongue,,l ɛː,,,
595,khoitam,tooth,,n ə + tʰ y ŋ,,,
596,khoitam,water,,kʰ ɔː,,,
597,khoitam,water,,kʰ oː,,,
598,khoitam,what,,a + t i + j aː,,,
599,khoitam,white,,a + z ɔ̃ː,,,
600,khoitam,who,,m iː,,,
601,khoitam,wind,,n y + s ɔ m,,,
602,khoitam,wing,,n ə + pʰ a ŋ,,,
603,khoitam,woman,,dʑ ə + m y,,,
604,khoitam,wood,,h i ŋ,,,
605,khoitam,yesterday,,dʑ y + j ɔː,,,
606,jerigaon,1sg,,g u,,,
607,jerigaon,2sg,,n a ŋ,,,
608,jerigaon,3sg,,w a,,,
609,jerigaon,ant,,s a n + dʑ ɔ k,,,
610,jerigaon,armhand,,i k,,,
611,jerigaon,ash,,tɕʰ a + pʰ l uː,,,
612,jerigaon,big,,a + d ɔ k,,,
613,jerigaon,bird,,h u,,,
614,jerigaon,bite,,z ɛ k,,,
615,jerigaon,bitter,,tɕʰ a k,,,
616,jerigaon,black,,a + tɕʰ ũː,,,
617,jerigaon,blood,,h ɛː,,,
618,jerigaon,bone,,i + h i k,,,
619,jerigaon,breast,,n y ŋ,,,
620,jerigaon,toburnit,,h ɛː,,,
621,jerigaon,tocarryonback,,b yː,,,
622,jerigaon,cloud,,s + t y,,,
623,jerigaon,tocryweep,,tɕʰ e,,,
624,jerigaon,todie,,iː,,,
625,jerigaon,todomake,,r a,,,
626,jerigaon,dog,,pʰ + tʰ ɛː,,,
627,jerigaon,drink,,l i ŋ,,,
628,jerigaon,dry,,y k + ãː,,,
629,jerigaon,ear,,kʰ + tʰ y ŋ + l ɛ,,,
630,jerigaon,eat,,tɕʰ u,,,
631,jerigaon,egg,,a + j u ŋ,,,
632,jerigaon,eye,,kʰ a + b y,,,
633,jerigaon,far,,a + tɕʰ ãː,,,
634,jerigaon,fat,,a + j ɔː,,,
635,jerigaon,fingernail,,i k + tɕʰ i ŋ,,,
636,jerigaon,fire,,b ɛ,,,
637,jerigaon,fish,,n u,,,
638,jerigaon,fleshmeat,,s u,,,
639,jerigaon,tofly,,tɕʰ ɛ n,,,
640,jerigaon,full,,a + pʰ i ŋ,,,
641,jerigaon,togive,,tɕʰ i,,,
642,jerigaon,togo,,r ɔ,,,
643,jerigaon,good,,a + dʑ ɛ,,,
644,jerigaon,haironhead,,g ə + z a ŋ,,,
645,jerigaon,hard,,a + tɕ u,,,
646,jerigaon,head,,kʰ + r u k,,,
647,jerigaon,tohear,,j ɔ̃,,,
648,jerigaon,heavy,,a + l iː,,,
649,jerigaon,tohide,,u k,,,
650,jerigaon,tokill,,ɔ,,,
651,jerigaon,horn,,tɕʰ ɛ ŋ,,,
652,jerigaon,house,,j a n,,,
653,jerigaon,house,,j ɛ n,,,
654,jerigaon,in,,a + l y ŋ,,,
655,jerigaon,knee,,l a + pʰ y k + k r iː,,,
656,jerigaon,toknow,,d ɛ n,,,
657,jerigaon,tolaugh,,z ɛː,,,
658,jerigaon,leaf,,a + l ɛ,,,
659,jerigaon,legfoot,,l ɛ,,,
660,jerigaon,liver,,s ɛ̃ j,,,
661,jerigaon,liver,,s ɛ̃ ĩ,,,
662,jerigaon,long,,a + r ɛ ŋ,,,
663,jerigaon,louse,,h ɛ,,,
664,jerigaon,moon,,n a m + b l u,,,
665,jerigaon,mouth,,s ɔː,,,
666,jerigaon,name,,a + dʑ ɛ ŋ,,,
667,jerigaon,navel,,b + r aː,,,
668,jerigaon,new,,ə + h ɛ n,,,
669,jerigaon,nose,,n ə + pʰ u ŋ,,,
670,jerigaon,not,,b ə,,,
671,jerigaon,oldofthings,,a + m ɛ n,,,
672,jerigaon,one,,h ɛ n,,,
673,jerigaon,path,,h a m u,,,
674,jerigaon,rain,,n ə + tɕʰ u,,,
675,jerigaon,red,,ə + h ɛ k,,,
676,jerigaon,root,,i + h ĩː,,,
677,jerigaon,torun,,l ɛ + ʔ i kʰ ɛ n,,,
678,jerigaon,salt,,h u ŋ,,,
679,jerigaon,sand,,kʰ + pʰ a,,,
680,jerigaon,tosay,,ɛ n,,,
681,jerigaon,tosit,,dʑ ɔː,,,
682,jerigaon,skinhide,,s + k u k,,,
683,jerigaon,tosleep,,dʑ i ŋ,,,
684,jerigaon,small,,a + d u + d u,,,
685,jerigaon,smoke,,b a + kʰ y,,,
686,jerigaon,stand,,tɕʰ ĩː,,,
687,jerigaon,star,,d ə + z y k,,,
688,jerigaon,stonerock,,l ý/y ŋ,,,
689,jerigaon,sun,,n ə + n yː,,,
690,jerigaon,sweet,,a + b l ã,,,
691,jerigaon,tail,,a + n ɛʰ/ɛ,,,
692,jerigaon,totake,,tʰ øː,,,
693,jerigaon,thick,,a + tʰ ɛ,,,
694,jerigaon,this,,tʰ aː,,,
695,jerigaon,tongue,,l ɛː,,,
696,jerigaon,tooth,,n ə + tʰ y ŋ,,,
697,jerigaon,water,,kʰ ɔː,,,
698,jerigaon,what,,m ə + t iː + j a,,,
699,jerigaon,white,,a + z ãː,,,
700,jerigaon,who,,n iː,,,
701,jerigaon,wind,,n ə + s ø n,,,
702,jerigaon,wing,,n y + pʰ a ŋ,,,
703,jerigaon,woman,,dʑ ə + m y,,,
704,jerigaon,wood,,h i ŋ,,,
705,jerigaon,yesterday,,d y + j ɔː,,,
706,khoina,1sg,,g u,,,
707,khoina,2sg,,n a ŋ,,,
708,khoina,3sg,,l a ŋ + w a,,,
709,khoina,ant,,ʂ a n + dʑ ɔ k,,,
710,khoina,armhand,,i k,,,
711,khoina,ash,,dʑ ɐ + pʰ l uː,,,
712,khoina,big,,a + d ɔ k,,,
713,khoina,bird,,f u,,,
714,khoina,bitter,,a + tɕʰ a k,,,
715,khoina,black,,a + ʈʂʰ ũː,,,
716,khoina,blood,,x aː,,,
717,khoina,bone,,a + x y k,,,
718,khoina,breast,,n y ŋ,,,
719,khoina,toburnit,,h aː,,,
720,khoina,tocarryonback,,b yː,,,
721,khoina,cloud,,ɕ + t ỹ,,,
722,khoina,tocryweep,,ʈʂʰ e,,,
723,khoina,todie,,iː,,,
724,khoina,todomake,,r a,,,
725,khoina,dog,,b ə + tʰ aː,,,
726,khoina,drink,,l y ŋ,,,
727,khoina,dry,,ɔ + ɔ̃ː,,,
728,khoina,ear,,g a + tʰ y ŋ,,,
729,khoina,eat,,tsʰ u,,,
730,khoina,egg,,a + j u ŋ,,,
731,khoina,eye,,g a + b y,,,
732,khoina,far,,a + tɕʰ ɔ̃ː,,,
733,khoina,fat,,a + j ɔː,,,
734,khoina,fingernail,,i k + ts i ŋ,,,
735,khoina,fire,,b a,,,
736,khoina,fish,,n u,,,
737,khoina,fleshmeat,,ʂ u,,,
738,khoina,tofly,,tsʰ ɛ n,,,
739,khoina,full,,a + pʰ i ŋ,,,
740,khoina,togive,,tsʰ i,,,
741,khoina,togo,,r ɔ,,,
742,khoina,good,,a + d ʐ a,,,
743,khoina,haironhead,,g ə + ʐ a ŋ,,,
744,khoina,hard,,a + x ã ŋ,,,
745,khoina,head,,m ə + tʰ ɛ̃ n,,,
746,khoina,tohear,,j ɔ̃,,,
747,khoina,heavy,,a + l iː,,,
748,khoina,tohide,,u k,,,
749,khoina,tokill,,ɔ,,,
750,khoina,horn,,ʈʂʰ a j ŋ,,,
751,khoina,house,,j a n,,,
752,khoina,in,,a + l y ŋ,,,
753,khoina,knee,,j a + pʰ y k + k r aː,,,
754,khoina,toknow,,d ɛ n,,,
755,khoina,tolaugh,,ʐ aː,,,
756,khoina,leaf,,a + l a ʔ,,,
757,khoina,legfoot,,l a,,,
758,khoina,liver,,d ə + tɕ ɛ̃ː,,,
759,khoina,long,,a + r ɛ ŋ,,,
760,khoina,louse,,x ɛ k,,,
761,khoina,moon,,n a m + b l u,,,
762,khoina,mouth,,d ə + tsʰ ɛː,,,
763,khoina,name,,a + dz ɛ ŋ,,,
764,khoina,navel,,b + r aː,,,
765,khoina,neck,,n ə + t u + x ĩː,,,
766,khoina,new,,a + f ɛ n,,,
767,khoina,nose,,n ə + pʰ u ŋ,,,
768,khoina,not,,b ə,,,
769,khoina,oldofthings,,a + m ɛ n,,,
770,khoina,one,,h ɛ n,,,
771,khoina,path,,h a m,,,
772,khoina,rain,,n aː + tsʰ u,,,
773,khoina,red,,a + x ɛ k,,,
774,khoina,root,,a + x ĩː,,,
775,khoina,torun,,tsʰ ɔː,,,
776,khoina,salt,,h ũː,,,
777,khoina,sand,,g ə + pʰ a,,,
778,khoina,tosay,,ɛ n,,,
779,khoina,tosee,,n ɔ̃ː + tɕʰ i,,,
780,khoina,tosit,,dz ɔː,,,
781,khoina,skinhide,,ʂ + kʰ u k,,,
782,khoina,tosleep,,dz i ŋ,,,
783,khoina,small,,a + dʑ ã n + d u,,,
784,khoina,smoke,,b a + kʰ y,,,
785,khoina,stand,,ʈʂʰ ĩː,,,
786,khoina,star,,d y + ʐ y k,,,
787,khoina,stonerock,,l ý/y ŋ,,,
788,khoina,sun,,n aː + n yː,,,
789,khoina,sweet,,a + ts ĩː,,,
790,khoina,tail,,a + n aː,,,
791,khoina,totake,,tʰ øː,,,
792,khoina,thick,,a + tʰ ɛ,,,
793,khoina,this,,tʰ aː,,,
794,khoina,tongue,,l aː,,,
795,khoina,tooth,,n y + tʰ y ŋ,,,
796,khoina,water,,kʰ ɔː,,,
797,khoina,what,,m ə + t iː + j a,,,
798,khoina,white,,a + z ãː,,,
799,khoina,who,,n iː,,,
800,khoina,wind,,n a + s ø n,,,
801,khoina,wing,,n y + pʰ a ŋ,,,
802,khoina,woman,,dʑ ə + m y,,,
803,khoina,wood,,h i ŋ,,,
804,khoina,yesterday,,d y + j ɔː,,,
805,dikhyang,1sg,,k oː,,,
806,dikhyang,2sg,,n ɔ̃,,,
807,dikhyang,3sg,,o ɛ,,,
808,dikhyang,ant,,ɕ i + ɲ i ŋ,,,
809,dikhyang,armhand,,w a t,,,
810,dikhyang,ash,,s ə + pʰ iə,,,
811,dikhyang,big,,ə + p õː,,,
812,dikhyang,bird,,f uə,,,
813,dikhyang,bite,,kʰ r i k,,,
814,dikhyang,bitter,,ə + kʰ oː,,,
815,dikhyang,black,,ə + s ai,,,
816,dikhyang,blood,,ə + f uɛ,,,
817,dikhyang,bone,,ə + s ɛ ŋ,,,
818,dikhyang,bone,,ə + z ɛ ŋ,,,
819,dikhyang,breast,,ɲ eoː,,,
820,dikhyang,toburnit,,h õːe,,,
821,dikhyang,tocarryonback,,h á n,,,
822,dikhyang,cloud,,s ə + kʰ a + m au,,,
823,dikhyang,tocryweep,,tɕ õ,,,
824,dikhyang,todie,,iː,,,
825,dikhyang,todomake,,r j ɛ t,,,
826,dikhyang,dog,,tɕ ɔi,,,
827,dikhyang,drink,,n a ŋ,,,
828,dikhyang,dry,,ə + k au,,,
829,dikhyang,ear,,kʰ ɔ̃,,,
830,dikhyang,eat,,ts iə,,,
831,dikhyang,egg,,ə + r iː,,,
832,dikhyang,eye,,m iɛ k,,,
833,dikhyang,eye,,m j ɛ k,,,
834,dikhyang,far,,r ɛ ʔ ɛ + r ua ŋ,,,
835,dikhyang,fat,,ə + j ou,,,
836,dikhyang,fingernail,,b ə + s ɛ n,,,
837,dikhyang,fire,,b oːɛ,,,
838,dikhyang,fish,,ũə,,,
839,dikhyang,fleshmeat,,eː + ɕ au,,,
840,dikhyang,fleshmeat,,ə + ɕ au,,,
841,dikhyang,tofly,,m ə + ts o,,,
842,dikhyang,full,,ə + l i + j eː,,,
843,dikhyang,togive,,pʰ i,,,
844,dikhyang,togo,,w uə,,,
845,dikhyang,good,,ə + v iə,,,
846,dikhyang,haironhead,,kʰ a + z i j ɔ ŋ,,,
847,dikhyang,hard,,ə + k ɔ ŋ,,,
848,dikhyang,head,,kʰ r u k,,,
849,dikhyang,tohear,,j ɔi,,,
850,dikhyang,heavy,,ə + l ai,,,
851,dikhyang,tohide,,u k,,,
852,dikhyang,tokill,,uːə,,,
853,dikhyang,horn,,ə + r iɔ ŋ,,,
854,dikhyang,house,,h õ,,,
855,dikhyang,in,,p tɕʰ au,,,
856,dikhyang,knee,,l aː + g j u ŋ,,,
857,dikhyang,toknow,,ĩ t,,,
858,dikhyang,tolaugh,,s j ɔ k,,,
859,dikhyang,leaf,,ə + r a p,,,
860,dikhyang,legfoot,,l oɛ,,,
861,dikhyang,liver,,ə + pʰ i n,,,
862,dikhyang,long,,ə + pʰ j a ŋ,,,
863,dikhyang,moon,,h aː + b ieː,,,
864,dikhyang,mouth,,s ia m,,,
865,dikhyang,name,,ə + b ɛ ŋ,,,
866,dikhyang,navel,,b u + r ui,,,
867,dikhyang,neck,,r a g u ŋ + j u + ŋ ã,,,
868,dikhyang,new,,ə + v ɔ̃,,,
869,dikhyang,nose,,ə + pʰ u ŋ,,,
870,dikhyang,oldofthings,,ə + h ɛ k,,,
871,dikhyang,one,,ts j ɔ̃,,,
872,dikhyang,path,,l ə m uə + d uə,,,
873,dikhyang,rain,,h aː + pʰ iɛ,,,
874,dikhyang,red,,ə + ɕ ɛ k,,,
875,dikhyang,root,,ə + r ə ŋ,,,
876,dikhyang,torun,,r a n,,,
877,dikhyang,salt,,s ə + r uə,,,
878,dikhyang,sand,,b aː l i,,,
879,dikhyang,tosay,,j aː,,,
880,dikhyang,tosee,,g ə + r a k,,,
881,dikhyang,tosit,,d u k,,,
882,dikhyang,skinhide,,eː + kʰ u k,,,
883,dikhyang,tosleep,,m j ɛ n,,,
884,dikhyang,small,,ə + t i + d ua,,,
885,dikhyang,smoke,,b a + kʰ au,,,
886,dikhyang,stand,,ts ai,,,
887,dikhyang,star,,ts aː + t r ɔ ŋ,,,
888,dikhyang,stonerock,,l ə b au,,,
889,dikhyang,sun,,h aː + n ɛi ŋ,,,
890,dikhyang,sweet,,pʰ + j ɛ ŋ,,,
891,dikhyang,tail,,ə + ɲ ui,,,
892,dikhyang,totake,,r i j ə,,,
893,dikhyang,thick,,ə + kʰ l a + b ou,,,
894,dikhyang,tongue,,r yi,,,
895,dikhyang,tooth,,ɕ i ɲ ɛ n,,,
896,dikhyang,water,,kʰ oː,,,
897,dikhyang,what,,ɲ u j aː,,,
898,dikhyang,white,,ə + m au,,,
899,dikhyang,who,,h a + ɲ u,,,
900,dikhyang,wind,,h aː + s aː m,,,
901,dikhyang,wing,,ə + j i k,,,
902,dikhyang,woman,,b ə + m i,,,
903,dikhyang,wood,,h i ŋ,,,
904,dikhyang,yesterday,,d i + j au,,,
905,singchung,1sg,,g o,,,
906,singchung,2sg,,n o,,,
907,singchung,3sg,,oe,,,
908,singchung,ant,,ʃ i ŋ i ŋ,,,
909,singchung,armhand,,w a t,,,
910,singchung,ash,,s + p i j e,,,
911,singchung,big,,e + b oᵘ/o,,,
912,singchung,bird,,f ua,,,
913,singchung,bite,,tʰ o k + m a g e,,,
914,singchung,bitter,,kʰ oᵘ/o,,,
915,singchung,black,,e + s aⁱ/ai,,,
916,singchung,blood,,e + f ua,,,
917,singchung,bone,,e + z e ŋ,,,
918,singchung,breast,,ɲ eoː,,,
919,singchung,toburnit,,ʃ uⁱ/u t,,,
920,singchung,cloud,,s + k ə + m oᵘ/o,,,
921,singchung,tocryweep,,tʃ o + m a + g e,,,
922,singchung,todie,,i + d a,,,
923,singchung,todomake,,r e t + m a + g e,,,
924,singchung,dog,,tʃ i,,,
925,singchung,drink,,kʰ o + ŋ a ŋ,,,
926,singchung,dry,,e + g aᵘ/a,,,
927,singchung,ear,,kʰ õ,,,
928,singchung,eat,,tʃ ə + m u t,,,
929,singchung,egg,,kʰ e + r e,,,
930,singchung,eye,,m i + j a k,,,
931,singchung,far,,r ᵘ/w a ŋ,,,
932,singchung,fat,,e + j u,,,
933,singchung,fingernail,,b ə + s e n,,,
934,singchung,fire,,b oᵉ/o,,,
935,singchung,fish,,ūa,,,
936,singchung,fleshmeat,,e + p i j e,,,
937,singchung,tofly,,kʰ e + m a + g e,,,
938,singchung,full,,l i + j a,,,
939,singchung,togive,,pʰ i + m a g e,,,
940,singchung,togo,,l ua,,,
941,singchung,good,,a + v i j e,,,
942,singchung,haironhead,,kʰ a + z i j a ŋ,,,
943,singchung,head,,kʰ ɾ u k,,,
944,singchung,tohear,,n u + v a + m a + g e,,,
945,singchung,heavy,,l aⁱ/ai,,,
946,singchung,tokill,,w a + m a + g e,,,
947,singchung,horn,,e + r i j a ŋ,,,
948,singchung,house,,h õ,,,
949,singchung,knee,,l ə + s p au,,,
950,singchung,toknow,,tʰ e k + m a + g e,,,
951,singchung,tolaugh,,tʃ i j o,,,
952,singchung,leaf,,e + r a p,,,
953,singchung,legfoot,,l oᵉ/o,,,
954,singchung,long,,pʰ i j a ŋ,,,
955,singchung,moon,,h a + b i j e,,,
956,singchung,mouth,,s + pʰ u n,,,
957,singchung,name,,e + b e ŋ,,,
958,singchung,neck,,e + j ua,,,
959,singchung,new,,o + v oᵘ/o,,,
960,singchung,nose,,e + pʰ u ŋ,,,
961,singchung,oldofthings,,e + h e,,,
962,singchung,one,,dʒ i j o,,,
963,singchung,path,,l ə m ua,,,
964,singchung,rain,,h a + pʰ i j e,,,
965,singchung,red,,e + ʃ ai k,,,
966,singchung,root,,e + r a ŋ,,,
967,singchung,salt,,s u + r u w a,,,
968,singchung,sand,,b a l i,,,
969,singchung,tosay,,j e + m a + g e,,,
970,singchung,tosee,,r ə k + m a + g e,,,
971,singchung,tosit,,d u k + m a,,,
972,singchung,skinhide,,e + kʰ u k,,,
973,singchung,tosleep,,m i j e n + m a + g e,,,
974,singchung,small,,ẽeᵘ/ẽu,,,
975,singchung,smoke,,b oᵉ/o + kʰ aᵘ/a,,,
976,singchung,stand,,r iᵒ/i + m a,,,
977,singchung,star,,s a + d i j o ŋ,,,
978,singchung,stonerock,,l a b aᵘ/a,,,
979,singchung,sun,,h a + n aⁱ/ai,,,
980,singchung,sweet,,pʰ i + j a m,,,
981,singchung,tail,,e + ɲ oⁱ/o,,,
982,singchung,totake,,tʰ a + r i j a + m a + g e,,,
983,singchung,this,,e + h i h i,,,
984,singchung,tongue,,i r i,,,
985,singchung,tooth,,ʃ i n i ŋ,,,
986,singchung,water,,kʰ o,,,
987,singchung,what,,n i w k a,,,
988,singchung,white,,e + m oᵘ/o,,,
989,singchung,who,,h a + n i j u,,,
990,singchung,wind,,h a + s a m,,,
991,singchung,woman,,d i + m i,,,
992,singchung,wood,,h i ŋ,,,
993,singchung,yesterday,,d i + j o,,,
994,wangho,1sg,,k o,,,
995,wangho,2sg,,n o,,,
996,wangho,3sg,,w e,,,
997,wangho,ant,,ʃ i ŋ i ŋ,,,
998,wangho,armhand,,w a t,,,
999,wangho,ash,,s + p i j e,,,
1000,wangho,big,,e + b oᵘ/o,,,
1001,wangho,bird,,f ua,,,
1002,wangho,bite,,kʰ r i k,,,
1003,wangho,bitter,,e kʰ oᵘ/o,,,
1004,wangho,black,,e + s aⁱ/ai,,,
1005,wangho,blood,,e + f ua,,,
1006,wangho,bone,,e + z a k,,,
1007,wangho,breast,,ɲ eoː,,,
1008,wangho,toburnit,,h aᵘ/a,,,
1009,wangho,cloud,,s + k ə + m oᵘ/o,,,
1010,wangho,tocryweep,,tʃ o,,,
1011,wangho,todie,,iⁱ/i,,,
1012,wangho,todomake,,r e t,,,
1013,wangho,dog,,tʃ aⁱ/ai,,,
1014,wangho,drink,,n a ŋ,,,
1015,wangho,dry,,e + k aᵘ/a,,,
1016,wangho,ear,,kʰ õ,,,
1017,wangho,eat,,tʃ ə + m u t,,,
1018,wangho,egg,,kʰ e + r e,,,
1019,wangho,eye,,m i + j a k,,,
1020,wangho,far,,r u w a ŋ,,,
1021,wangho,fat,,e + j u,,,
1022,wangho,fingernail,,p ə + tʃ i + j a t,,,
1023,wangho,fire,,b oᵉ/o,,,
1024,wangho,fish,,ūa,,,
1025,wangho,fleshmeat,,e + p i j e,,,
1026,wangho,tofly,,kʰ eⁱ/e,,,
1027,wangho,full,,e + l i + j a,,,
1028,wangho,togive,,pʰ i,,,
1029,wangho,togo,,v ə + w a,,,
1030,wangho,good,,a + v i j e,,,
1031,wangho,haironhead,,kʰ a + z i j aᵘ/a,,,
1032,wangho,head,,k i + j a + t u ŋ,,,
1033,wangho,tohear,,n ū/u + a,,,
1034,wangho,heavy,,e + l aⁱ/ai,,,
1035,wangho,tokill,,ua,,,
1036,wangho,horn,,e + r i j o k,,,
1037,wangho,house,,h õ,,,
1038,wangho,knee,,l a + k i j u ŋ,,,
1039,wangho,toknow,,ī/i t,,,
1040,wangho,tolaugh,,tʃ i j o,,,
1041,wangho,leaf,,r a p,,,
1042,wangho,legfoot,,l uᵉ/ue,,,
1043,wangho,long,,e + pʰ i j a m,,,
1044,wangho,moon,,h a b i j e,,,
1045,wangho,mouth,,ʃ i j a m,,,
1046,wangho,name,,e + b e ŋ,,,
1047,wangho,neck,,j a + p u,,,
1048,wangho,new,,e + v o ŋ,,,
1049,wangho,nose,,e + pʰ u ŋ,,,
1050,wangho,oldofthings,,e + h e k,,,
1051,wangho,one,,tʃ o,,,
1052,wangho,path,,l ə m ua,,,
1053,wangho,rain,,h a + pʰ i j e,,,
1054,wangho,red,,e + ʃ e k,,,
1055,wangho,root,,e + r a ŋ,,,
1056,wangho,salt,,s u + r u w a,,,
1057,wangho,sand,,b a l i,,,
1058,wangho,tosay,,j e,,,
1059,wangho,tosee,,r ə k,,,
1060,wangho,tosit,,t u k,,,
1061,wangho,skinhide,,e + kʰ u k,,,
1062,wangho,tosleep,,m i j e n,,,
1063,wangho,small,,e + j u ŋ,,,
1064,wangho,smoke,,b u + kʰ u,,,
1065,wangho,stand,,r iᵒ/io,,,
1066,wangho,star,,s a + t i j o ŋ,,,
1067,wangho,stonerock,,l a b aᵘ/a,,,
1068,wangho,sun,,h a + n eⁱ/e ŋ,,,
1069,wangho,sweet,,pʰ i + j a ŋ,,,
1070,wangho,tail,,e + ɲ oⁱ/o,,,
1071,wangho,totake,,ɹ i j e,,,
1072,wangho,this,,h e + pʰ o m o n o,,,
1073,wangho,tongue,,r i,,,
1074,wangho,tooth,,ʃ i n i j a t,,,
1075,wangho,water,,kʰ oᵘ/o,,,
1076,wangho,what,,n i w,,,
1077,wangho,white,,e + m o ŋ,,,
1078,wangho,who,,h a + ŋ u ŋ,,,
1079,wangho,wind,,h a + s a m,,,
1080,wangho,woman,,b i + m i,,,
1081,wangho,wood,,h i ŋ,,,
1082,wangho,yesterday,,d i + j o,,,
1083,bichom,1sg,,g o,,,
1084,bichom,1sg,,g u,,,
1085,bichom,2sg,,n o,,,
1086,bichom,3sg,,u w e,,,
1087,bichom,ant,,s iː ŋ,,,
1088,bichom,armhand,,w a t,,,
1089,bichom,ash,,s + p i j e,,,
1090,bichom,big,,b oᵘ/o,,,
1091,bichom,bird,,f ua,,,
1092,bichom,bite,,tʰ o k + pʰ a,,,
1093,bichom,bitter,,kʰ oᵘ/o,,,
1094,bichom,black,,e + s aⁱ/ai,,,
1095,bichom,black,,s oⁱ/o,,,
1096,bichom,blood,,e + f ua,,,
1097,bichom,bone,,e + z e ŋ,,,
1098,bichom,breast,,n i w,,,
1099,bichom,toburnit,,f ũ p + pʰ a,,,
1100,bichom,cloud,,tʃ a + k a + m a ŋ,,,
1101,bichom,tocryweep,,tʃ oa + pʰ a,,,
1102,bichom,todie,,i + pʰ a,,,
1103,bichom,todomake,,r e ʔ + pʰ a,,,
1104,bichom,dog,,tʃ oⁱ/o,,,
1105,bichom,drink,,n a ŋ + pʰ a,,,
1106,bichom,dry,,e + g aᵘ/a,,,
1107,bichom,ear,,kʰ õ,,,
1108,bichom,eat,,tʃ ə + m u t,,,
1109,bichom,egg,,e + r i,,,
1110,bichom,eye,,m i + j a k,,,
1111,bichom,far,,r ᵘ/w a ŋ,,,
1112,bichom,fat,,e + j u,,,
1113,bichom,fingernail,,b ə + s e n,,,
1114,bichom,fire,,b oᵉ/o,,,
1115,bichom,fish,,u + ŋ a,,,
1116,bichom,fleshmeat,,e + b i j e,,,
1117,bichom,tofly,,kʰ eⁱ/e,,,
1118,bichom,full,,l eⁱ/e,,,
1119,bichom,togive,,pʰ i + pʰ a,,,
1120,bichom,togo,,tʰ e + v əː,,,
1121,bichom,good,,a + v i j e,,,
1122,bichom,haironhead,,kʰ a + z i j a ŋ,,,
1123,bichom,head,,kʰ ɾ u k,,,
1124,bichom,tohear,,j oⁱ/o + pʰ a,,,
1125,bichom,heavy,,l aⁱ/ai,,,
1126,bichom,tokill,,u a + pʰ a,,,
1127,bichom,horn,,e + r i j a ŋ,,,
1128,bichom,house,,h õ,,,
1129,bichom,knee,,l ə + s p au,,,
1130,bichom,toknow,,tʰ e + j a k + p a,,,
1131,bichom,tolaugh,,ʃ i j a ʔ,,,
1132,bichom,leaf,,r a p,,,
1133,bichom,legfoot,,l uᵉ/ue,,,
1134,bichom,long,,pʰ i j a ŋ,,,
1135,bichom,moon,,h a + b i j e,,,
1136,bichom,mouth,,s e m,,,
1137,bichom,name,,e + b e ŋ,,,
1138,bichom,neck,,e + j ua,,,
1139,bichom,new,,e + w ã,,,
1140,bichom,nose,,e + pʰ u ŋ,,,
1141,bichom,oldofthings,,e + h e k,,,
1142,bichom,one,,dʒ i j o,,,
1143,bichom,path,,l ə m ua,,,
1144,bichom,rain,,h a + pʰ i j e,,,
1145,bichom,red,,e + ʃ ai k,,,
1146,bichom,root,,e + r a ŋ,,,
1147,bichom,salt,,s u + r ə j a,,,
1148,bichom,sand,,b a l i,,,
1149,bichom,tosay,,j e + pʰ a,,,
1150,bichom,tosee,,r ə g,,,
1151,bichom,tosit,,d u k,,,
1152,bichom,skinhide,,e + kʰ u k,,,
1153,bichom,tosleep,,m i j a n + pʰ a,,,
1154,bichom,small,,e + j u ŋ,,,
1155,bichom,smoke,,b a m + kʰ a m,,,
1156,bichom,stand,,r iᵒ/io,,,
1157,bichom,star,,t a + d i j a ŋ,,,
1158,bichom,stonerock,,l a b aᵘ/a,,,
1159,bichom,sun,,h a + n aⁱ/ai,,,
1160,bichom,sweet,,pʰ i + j a ŋ,,,
1161,bichom,tail,,e + ɲ oⁱ/o,,,
1162,bichom,totake,,ɹ eⁱ/e + pʰ a,,,
1163,bichom,this,,h e + pʰ o m o n o,,,
1164,bichom,tongue,,r i,,,
1165,bichom,tooth,,ʃ i n i j a t,,,
1166,bichom,water,,kʰ oᵘ/o,,,
1167,bichom,what,,n i w,,,
1168,bichom,white,,e + m oᵘ/o,,,
1169,bichom,who,,h a + n i j u,,,
1170,bichom,wind,,a + ʃ a m,,,
1171,bichom,woman,,b i + m i,,,
1172,bichom,wood,,h i ŋ,,,
1173,bichom,yesterday,,d i + j o,,,
1174,kaspi,1sg,,g u,,,
1175,kaspi,2sg,,n o,,,
1176,kaspi,3sg,,tʰ e,,,
1177,kaspi,ant,,ʃ i ŋ i ŋ,,,
1178,kaspi,armhand,,w a t,,,
1179,kaspi,ash,,s + p i j e,,,
1180,kaspi,big,,b oᵘ/o,,,
1181,kaspi,bird,,f o,,,
1182,kaspi,bite,,tʃ i + pʰ a,,,
1183,kaspi,bitter,,kʰ oᵘ/o,,,
1184,kaspi,black,,s oⁱ/o,,,
1185,kaspi,blood,,n ə + f aⁱ/ai,,,
1186,kaspi,bone,,n i + z e ŋ,,,
1187,kaspi,breast,,d u t,,,
1188,kaspi,toburnit,,dʒ i + j o + pʰ a,,,
1189,kaspi,cloud,,tʃ a + k a + m a ŋ,,,
1190,kaspi,tocryweep,,tʃ oa + pʰ a,,,
1191,kaspi,todie,,i + d ə n,,,
1192,kaspi,todomake,,r eⁱ/e + pʰ a,,,
1193,kaspi,dog,,tʃ oⁱ/o,,,
1194,kaspi,drink,,n a ŋ + pʰ a,,,
1195,kaspi,dry,,g oᵘ/o,,,
1196,kaspi,ear,,kʰ õ,,,
1197,kaspi,eat,,tʃ ə + m u t,,,
1198,kaspi,egg,,kʰ e + r e,,,
1199,kaspi,eye,,m i + j e,,,
1200,kaspi,far,,r ᵘ/w a ŋ,,,
1201,kaspi,fat,,e + j o,,,
1202,kaspi,fingernail,,p ə̌/ə + s e n,,,
1203,kaspi,fire,,b aⁱ/ai,,,
1204,kaspi,fish,,ūa,,,
1205,kaspi,fleshmeat,,m ə + b i,,,
1206,kaspi,tofly,,kʰ e ŋ + pʰ a,,,
1207,kaspi,full,,l eⁱ/e,,,
1208,kaspi,togive,,pʰ i + pʰ a,,,
1209,kaspi,togo,,d u n,,,
1210,kaspi,good,,a + v i j e,,,
1211,kaspi,haironhead,,kʰ a + z i j a ŋ,,,
1212,kaspi,head,,kʰ ɾ u k,,,
1213,kaspi,tohear,,n u + a + pʰ a,,,
1214,kaspi,heavy,,l aⁱ/ai,,,
1215,kaspi,tokill,,u a + pʰ a,,,
1216,kaspi,horn,,e + r i j a ŋ,,,
1217,kaspi,house,,h õ,,,
1218,kaspi,knee,,l a + g i j o ŋ,,,
1219,kaspi,toknow,,i t + pʰ a t,,,
1220,kaspi,tolaugh,,s e ʔ,,,
1221,kaspi,leaf,,r a p,,,
1222,kaspi,legfoot,,l aⁱ/ai,,,
1223,kaspi,long,,pʰ i j a ŋ,,,
1224,kaspi,moon,,h a + b i j e,,,
1225,kaspi,mouth,,s e m,,,
1226,kaspi,name,,e + b e ŋ,,,
1227,kaspi,neck,,j ua,,,
1228,kaspi,new,,m + v əo,,,
1229,kaspi,nose,,e + pʰ u ŋ,,,
1230,kaspi,oldofthings,,e + h e k,,,
1231,kaspi,one,,dʒ e,,,
1232,kaspi,path,,l ə m ua,,,
1233,kaspi,rain,,h a + pʰ i j e,,,
1234,kaspi,red,,ʃ eⁱ/e,,,
1235,kaspi,root,,e + r a ŋ,,,
1236,kaspi,salt,,s u + ɹ e,,,
1237,kaspi,sand,,b a l i,,,
1238,kaspi,tosay,,s i + pʰ a,,,
1239,kaspi,tosee,,r e k + pʰ a,,,
1240,kaspi,tosit,,d ə k + m u,,,
1241,kaspi,skinhide,,e + kʰ u k,,,
1242,kaspi,tosleep,,m e n,,,
1243,kaspi,small,,e + j u ŋ,,,
1244,kaspi,smoke,,b ai ŋ + kʰ a m,,,
1245,kaspi,stand,,dʒ oi,,,
1246,kaspi,star,,l a + d i j a ŋ,,,
1247,kaspi,stonerock,,l a b aᵘ/a,,,
1248,kaspi,sun,,h a + n aⁱ/ai,,,
1249,kaspi,sweet,,pʰ i + j a ŋ,,,
1250,kaspi,tail,,e + ɲ oⁱ/o,,,
1251,kaspi,totake,,j e + pʰ a,,,
1252,kaspi,this,,h e + pʰ o m o n o,,,
1253,kaspi,tongue,,r i,,,
1254,kaspi,tooth,,ʃ i n i ŋ,,,
1255,kaspi,water,,kʰ oᵘ/o,,,
1256,kaspi,what,,n i j e,,,
1257,kaspi,white,,m õᵘ/õu,,,
1258,kaspi,who,,h a + n i j u,,,
1259,kaspi,wind,,h a + s a m,,,
1260,kaspi,woman,,h õa + m u,,,
1261,kaspi,wood,,h i ŋ,,,
1262,kaspi,yesterday,,tʰ ə + m i + j a ŋ,,,
1263,namphri,1sg,,g o,,,
1264,namphri,2sg,,n o,,,
1265,namphri,3sg,,oe,,,
1266,namphri,ant,,ʃ i ŋ i ŋ,,,
1267,namphri,armhand,,w a t,,,
1268,namphri,ash,,s + p i j e,,,
1269,namphri,big,,b oᵘ/o,,,
1270,namphri,bird,,f ua,,,
1271,namphri,bite,,tʰ o k + pʰ a,,,
1272,namphri,bitter,,e + kʰ oᵘ/o,,,
1273,namphri,black,,e + s ui,,,
1274,namphri,blood,,m ə + f aⁱ/ai,,,
1275,namphri,bone,,e + z e ŋ,,,
1276,namphri,breast,,n i w,,,
1277,namphri,toburnit,,f u + pʰ a,,,
1278,namphri,cloud,,tʃ a + k a + m a ŋ,,,
1279,namphri,tocryweep,,tʃ o,,,
1280,namphri,todie,,i + d u n,,,
1281,namphri,todomake,,ɾ a p + pʰ a,,,
1282,namphri,dog,,tʃ oⁱ/o,,,
1283,namphri,drink,,n a ŋ,,,
1284,namphri,dry,,n ə + g ou,,,
1285,namphri,ear,,kʰ õ,,,
1286,namphri,eat,,tʃ ə + m u t,,,
1287,namphri,egg,,kʰ e + r e,,,
1288,namphri,eye,,m i + j a k,,,
1289,namphri,far,,r ᵘ/w a ŋ,,,
1290,namphri,fat,,e + j o,,,
1291,namphri,fingernail,,p ə + ʃ e n,,,
1292,namphri,fire,,b oᵉ/o,,,
1293,namphri,fish,,u + ŋ ə̄/ə,,,
1294,namphri,fleshmeat,,e + b ei,,,
1295,namphri,tofly,,kʰ eⁱ/e + pʰ a,,,
1296,namphri,full,,e l eⁱ/e,,,
1297,namphri,togive,,pʰ i,,,
1298,namphri,togo,,v əo + pʰ a,,,
1299,namphri,good,,a + v i j e,,,
1300,namphri,haironhead,,kʰ a + z i j a ŋ,,,
1301,namphri,head,,kʰ ɾ u k,,,
1302,namphri,tohear,,j oⁱ/o,,,
1303,namphri,heavy,,e + l aⁱ/ai,,,
1304,namphri,tokill,,ua,,,
1305,namphri,horn,,e + r i j a ŋ,,,
1306,namphri,house,,h õ,,,
1307,namphri,knee,,l a + g i j o ŋ,,,
1308,namphri,toknow,,i t + pʰ a,,,
1309,namphri,tolaugh,,ʃ e ʔ + pʰ a,,,
1310,namphri,leaf,,r a p,,,
1311,namphri,legfoot,,l aⁱ/ai,,,
1312,namphri,long,,e + pʰ i j a m,,,
1313,namphri,moon,,h a + b i j e,,,
1314,namphri,mouth,,s e m,,,
1315,namphri,name,,e + b e ŋ,,,
1316,namphri,neck,,j ua,,,
1317,namphri,new,,e + v o,,,
1318,namphri,nose,,e + pʰ u ŋ,,,
1319,namphri,oldofthings,,e + h e k,,,
1320,namphri,one,,dʒ e,,,
1321,namphri,path,,l ə m ua,,,
1322,namphri,rain,,h a + pʰ i j e,,,
1323,namphri,red,,e + ʃ ai k,,,
1324,namphri,root,,e + r a ŋ,,,
1325,namphri,salt,,s u + r u w a,,,
1326,namphri,sand,,b a l i,,,
1327,namphri,tosay,,j o + pʰ a,,,
1328,namphri,tosee,,r ə k,,,
1329,namphri,tosit,,d u k + m a + g e,,,
1330,namphri,skinhide,,e + kʰ u k,,,
1331,namphri,tosleep,,m e n + pʰ a,,,
1332,namphri,small,,iu,,,
1333,namphri,smoke,,b oᵉ/o + m o + kʰ ə m,,,
1334,namphri,stand,,dʒ ai + m a + g e,,,
1335,namphri,star,,t a + d i j a ŋ,,,
1336,namphri,stonerock,,l u b u,,,
1337,namphri,sun,,h a + n aⁱ/ai,,,
1338,namphri,sweet,,pʰ i + j a ŋ,,,
1339,namphri,tail,,e + ɲ oⁱ/o,,,
1340,namphri,totake,,l i j e,,,
1341,namphri,this,,dʒ i j e,,,
1342,namphri,tongue,,r i,,,
1343,namphri,tooth,,ʃ i n i ŋ,,,
1344,namphri,water,,kʰ oᵘ/o,,,
1345,namphri,what,,ɲ i j a g a,,,
1346,namphri,white,,e + m o ŋ,,,
1347,namphri,who,,h a + n i j u,,,
1348,namphri,wind,,h a + s a m,,,
1349,namphri,woman,,h õa + m ua,,,
1350,namphri,wood,,h i ŋ,,,
1351,namphri,yesterday,,d i + j o,,,
1352,bulu,1sg,,g uː,,,
1353,bulu,2sg,,n aː,,,
1354,bulu,3sg,,v ɛː,,,
1355,bulu,ant,,dʒ a m + dʒ u ʔ,,,
1356,bulu,armhand,,g e ʔ,,,
1357,bulu,ash,,pʰ a + r ə p,,,
1358,bulu,big,,a + r aː,,,
1359,bulu,bird,,p ə + d uː,,,
1360,bulu,bite,,t ɔ ʔ,,,
1361,bulu,bitter,,a + tʃ a ʔ,,,
1362,bulu,black,,a + h j ɛ N/ɴ,,,
1363,bulu,blood,,a + h ui,,,
1364,bulu,bone,,a + z ɛ N/ɴ,,,
1365,bulu,breast,,a + n j ɛː,,,
1366,bulu,toburnit,,h a m,,,
1367,bulu,tocarryonback,,ʒ e N/ɴ,,,
1368,bulu,cloud,,s ə + t ɨː,,,
1369,bulu,tocryweep,,tʃ ɛ ʔ,,,
1370,bulu,todie,,iː,,,
1371,bulu,todomake,,ts a ʔ,,,
1372,bulu,dog,,b uː,,,
1373,bulu,drink,,i n,,,
1374,bulu,dry,,a + w ɛ N/ɴ,,,
1375,bulu,ear,,a + k ui N/ɴ,,,
1376,bulu,eat,,tʃ iː,,,
1377,bulu,egg,,a + w u N/ɴ,,,
1378,bulu,eye,,a + k ə m,,,
1379,bulu,far,,a + tʃ oi,,,
1380,bulu,fat,,a + ʒ ɔː,,,
1381,bulu,fingernail,,a + g e ʔ + g ə + s ɨ n,,,
1382,bulu,fire,,b ɛː,,,
1383,bulu,fish,,tʃ ui,,,
1384,bulu,fleshmeat,,ʃ iː,,,
1385,bulu,tofly,,k iː,,,
1386,bulu,full,,l j ɛː,,,
1387,bulu,togive,,t a N/ɴ,,,
1388,bulu,togo,,v uː,,,
1389,bulu,good,,a + m j ɛː,,,
1390,bulu,haironhead,,k ə + z a N/ɴ,,,
1391,bulu,hard,,a + ʃ ɔ N/ɴ,,,
1392,bulu,head,,a + k u N/ɴ,,,
1393,bulu,tohear,,n ɨ ŋ,,,
1394,bulu,heavy,,a + l ɨː,,,
1395,bulu,tohide,,u ʔ,,,
1396,bulu,tokill,,w ɛ ʔ,,,
1397,bulu,horn,,a + k j ɛ N/ɴ,,,
1398,bulu,house,,h a m,,,
1399,bulu,in,,a + l ɨ ŋ,,,
1400,bulu,knee,,a + l ɛː + k ə + p ei ʔ,,,
1401,bulu,toknow,,d ɛ N/ɴ,,,
1402,bulu,tolaugh,,z ɛː,,,
1403,bulu,leaf,,a + l ə p,,,
1404,bulu,legfoot,,a + l ɛː,,,
1405,bulu,liver,,a + pʰ i N/ɴ,,,
1406,bulu,long,,a + p j a N/ɴ,,,
1407,bulu,louse,,ʃ i ʔ,,,
1408,bulu,moon,,h a N/ɴ + b ɔː,,,
1409,bulu,mouth,,a + s ə m,,,
1410,bulu,name,,a + b j ɛ N/ɴ,,,
1411,bulu,navel,,s i m + b ə + l ui,,,
1412,bulu,neck,,k ə + t u N/ɴ + r i n,,,
1413,bulu,new,,a + f ɛ N/ɴ,,,
1414,bulu,nose,,a + pʰ u N/ɴ,,,
1415,bulu,not,,b a,,,
1416,bulu,oldofthings,,a + ts ɛ N/ɴ,,,
1417,bulu,one,,t yi,,,
1418,bulu,path,,l i m,,,
1419,bulu,rain,,h a m + p iː,,,
1420,bulu,red,,a + ʃ i ʔ,,,
1421,bulu,root,,ʃ i N/ɴ + r i n,,,
1422,bulu,torun,,r i n,,,
1423,bulu,salt,,f əu,,,
1424,bulu,sand,,s ə m + p j ɛː,,,
1425,bulu,tosay,,r iː,,,
1426,bulu,tosee,,n i ŋ,,,
1427,bulu,tosit,,r ɨː,,,
1428,bulu,skinhide,,a + k u ʔ,,,
1429,bulu,tosleep,,r ə m,,,
1430,bulu,small,,a + z iː,,,
1431,bulu,smoke,,b ɛ + kʰ ɨː,,,
1432,bulu,stand,,tʃ i n,,,
1433,bulu,star,,h a N/ɴ + w ai ʔ,,,
1434,bulu,stonerock,,k a + l ɨ ŋ,,,
1435,bulu,sun,,h a + m i,,,
1436,bulu,sweet,,a + p i n,,,
1437,bulu,tail,,a + n yi,,,
1438,bulu,totake,,l eː,,,
1439,bulu,thick,,a + p ə n,,,
1440,bulu,this,,h ɨ ŋ,,,
1441,bulu,tongue,,a + l yi,,,
1442,bulu,tooth,,k ə + t ɔ N/ɴ,,,
1443,bulu,water,,kʰ ɔː,,,
1444,bulu,what,,h ɛː,,,
1445,bulu,white,,a + r j u N/ɴ,,,
1446,bulu,who,,m iː,,,
1447,bulu,wind,,h a N/ɴ + ʃ i n,,,
1448,bulu,wing,,a + ʒ ui N/ɴ,,,
1449,bulu,woman,,m ə + r uː,,,
1450,bulu,wood,,ʃ i N/ɴ,,,
1451,bulu,yesterday,,dʒ i + r j ɛː,,,
1452,kojorojo,1sg,,g o,,,
1453,kojorojo,2sg,,n a ŋ,,,
1454,kojorojo,3sg,,w ai,,,
1455,kojorojo,ant,,g a m + g ɹ u,,,
1456,kojorojo,armhand,,g ei ʔ,,,
1457,kojorojo,ash,,b ə + r ə m,,,
1458,kojorojo,big,,a + r ai,,,
1459,kojorojo,bird,,p ə + d oː,,,
1460,kojorojo,bite,,t ua,,,
1461,kojorojo,bitter,,a + tʃ ua ʔ,,,
1462,kojorojo,black,,a + h j eĩ/ẽi,,,
1463,kojorojo,blood,,a + f ui,,,
1464,kojorojo,bone,,a + ʒ a n,,,
1465,kojorojo,breast,,a + n j ei,,,
1466,kojorojo,toburnit,,dʒ əu,,,
1467,kojorojo,tocarryonback,,ɹ a n,,,
1468,kojorojo,cloud,,k a + d əu + s ə,,,
1469,kojorojo,tocryweep,,tʃ a p,,,
1470,kojorojo,todie,,iː,,,
1471,kojorojo,todomake,,ʒ ou,,,
1472,kojorojo,dog,,b uː,,,
1473,kojorojo,drink,,i n,,,
1474,kojorojo,dry,,a + w a n,,,
1475,kojorojo,ear,,a + k u n,,,
1476,kojorojo,eat,,tʃ iː,,,
1477,kojorojo,egg,,a + l iː,,,
1478,kojorojo,eye,,a + k ə m,,,
1479,kojorojo,far,,a + tʃ ai,,,
1480,kojorojo,fat,,a + z j aː,,,
1481,kojorojo,fingernail,,g ei + ʃ i n,,,
1482,kojorojo,fire,,b ai,,,
1483,kojorojo,fish,,tʃ ui,,,
1484,kojorojo,fleshmeat,,m ai,,,
1485,kojorojo,tofly,,k ɹ ei,,,
1486,kojorojo,full,,j ei,,,
1487,kojorojo,togive,,t a ŋ,,,
1488,kojorojo,togo,,w uː,,,
1489,kojorojo,good,,a + n j a m,,,
1490,kojorojo,haironhead,,k ə + z j a ŋ,,,
1491,kojorojo,hard,,a + h ɹ a n,,,
1492,kojorojo,head,,a + k u ŋ + b əː,,,
1493,kojorojo,tohear,,n u ŋ,,,
1494,kojorojo,heavy,,a + l ei,,,
1495,kojorojo,tohide,,ɨ ʔ,,,
1496,kojorojo,tokill,,a i ʔ,,,
1497,kojorojo,horn,,a + k ɹ a n,,,
1498,kojorojo,house,,h a m,,,
1499,kojorojo,in,,a + l o ŋ,,,
1500,kojorojo,knee,,l ai + k a + p ɹ ei,,,
1501,kojorojo,toknow,,d a n,,,
1502,kojorojo,tolaugh,,z j ei,,,
1503,kojorojo,leaf,,h ɨ̃ + j ə m,,,
1504,kojorojo,legfoot,,l ai,,,
1505,kojorojo,liver,,a + p i n,,,
1506,kojorojo,long,,a + p ɹ a ŋ,,,
1507,kojorojo,louse,,h ɹ ɛ,,,
1508,kojorojo,moon,,h a + b u,,,
1509,kojorojo,mouth,,s ə m,,,
1510,kojorojo,name,,a + b ɹ ɛ n,,,
1511,kojorojo,navel,,r o ŋ + r ei,,,
1512,kojorojo,neck,,t u ŋ + r i n,,,
1513,kojorojo,new,,a + f a n,,,
1514,kojorojo,nose,,a + p u ŋ,,,
1515,kojorojo,not,,b a,,,
1516,kojorojo,oldofthings,,a + tʃ j ɛ n,,,
1517,kojorojo,one,,k j uː,,,
1518,kojorojo,path,,l i m,,,
1519,kojorojo,rain,,h a m + p ɹ oː,,,
1520,kojorojo,red,,a + h ɨː,,,
1521,kojorojo,root,,h ɨ̃ + r i n,,,
1522,kojorojo,torun,,r e n,,,
1523,kojorojo,salt,,f ou,,,
1524,kojorojo,sand,,p a n + tʃ ɨː + h ɹ ɛː,,,
1525,kojorojo,tosay,,r j oː,,,
1526,kojorojo,tosee,,n j ə ŋ,,,
1527,kojorojo,tosit,,dʒ ao,,,
1528,kojorojo,skinhide,,a + k ɨː,,,
1529,kojorojo,tosleep,,r ə m,,,
1530,kojorojo,small,,a + z iː,,,
1531,kojorojo,smoke,,b ai + k əː,,,
1532,kojorojo,stand,,tʃ i n,,,
1533,kojorojo,star,,h a + d a ŋ,,,
1534,kojorojo,stonerock,,k a + h o ŋ,,,
1535,kojorojo,sun,,h a + m i,,,
1536,kojorojo,sweet,,a + p i n,,,
1537,kojorojo,tail,,a + s ə r j a m,,,
1538,kojorojo,totake,,l ei,,,
1539,kojorojo,thick,,a + p e n,,,
1540,kojorojo,this,,h ə ŋ,,,
1541,kojorojo,tongue,,j ui,,,
1542,kojorojo,tooth,,k ə + t ua ŋ,,,
1543,kojorojo,water,,k ua,,,
1544,kojorojo,what,,h ai,,,
1545,kojorojo,white,,a + r j u ŋ,,,
1546,kojorojo,who,,h oː,,,
1547,kojorojo,wind,,h a + h ɹ ɨ n,,,
1548,kojorojo,wing,,a + ʒ u n,,,
1549,kojorojo,woman,,a + m ui,,,
1550,kojorojo,wood,,h ɹ ɨ n,,,
1551,kojorojo,yesterday,,r ə + n iː,,,
1552,rawa,1sg,,g o,,,
1553,rawa,2sg,,n a,,,
1554,rawa,3sg,,h oː,,,
1555,rawa,ant,,g a + m ə + g ɹ oː,,,
1556,rawa,armhand,,g e t,,,
1557,rawa,ash,,b ai + r ə p,,,
1558,rawa,big,,a + r ai,,,
1559,rawa,bird,,p ə + d oː,,,
1560,rawa,bite,,t ua,,,
1561,rawa,bitter,,a + tʃ aː,,,
1562,rawa,black,,a + h j ɛĩ/ɛ̃i,,,
1563,rawa,blood,,f ui,,,
1564,rawa,bone,,a + z a ʔ,,,
1565,rawa,breast,,n j ɛi,,,
1566,rawa,toburnit,,dʒ əu,,,
1567,rawa,tocarryonback,,b əu,,,
1568,rawa,cloud,,t o ŋ + s əu,,,
1569,rawa,tocryweep,,tʃ a p,,,
1570,rawa,todie,,iː,,,
1571,rawa,todomake,,k a t,,,
1572,rawa,dog,,b oː,,,
1573,rawa,drink,,i n,,,
1574,rawa,dry,,a + w a n,,,
1575,rawa,ear,,k o t,,,
1576,rawa,eat,,tʃ iː,,,
1577,rawa,egg,,t j u + l i,,,
1578,rawa,eye,,k ə p,,,
1579,rawa,far,,a + tʃ ai,,,
1580,rawa,fat,,a + z j aː,,,
1581,rawa,fingernail,,g ə + s i n,,,
1582,rawa,fire,,b ai,,,
1583,rawa,fish,,tʃ u ei,,,
1584,rawa,fleshmeat,,m ai,,,
1585,rawa,tofly,,k ei,,,
1586,rawa,full,,l j ɛi,,,
1587,rawa,togive,,t a ʔ,,,
1588,rawa,togo,,w oː,,,
1589,rawa,good,,a + n j a m,,,
1590,rawa,haironhead,,k ə + z j a ʔ,,,
1591,rawa,head,,k o ʔ + b əu,,,
1592,rawa,tohear,,n o ŋ,,,
1593,rawa,heavy,,a + l ei,,,
1594,rawa,tohide,,əː,,,
1595,rawa,tokill,,a t,,,
1596,rawa,horn,,a + k ɹ ɛ t,,,
1597,rawa,house,,h a m,,,
1598,rawa,knee,,l ai + k ə + r ə ʔ,,,
1599,rawa,toknow,,d a t,,,
1600,rawa,tolaugh,,z ei,,,
1601,rawa,leaf,,h ɨ ŋ + l ə p,,,
1602,rawa,legfoot,,l ai,,,
1603,rawa,liver,,a + p j e t,,,
1604,rawa,long,,a + p ɹ a ŋ,,,
1605,rawa,louse,,h ɛː,,,
1606,rawa,moon,,h a + n ua,,,
1607,rawa,mouth,,s ə p,,,
1608,rawa,name,,a + b ɹ ɛ n,,,
1609,rawa,navel,,r oː + r ei,,,
1610,rawa,neck,,t õ + r ɨ n,,,
1611,rawa,new,,a + f aʲ/a t,,,
1612,rawa,nose,,p o ŋ,,,
1613,rawa,not,,b a,,,
1614,rawa,oldofthings,,a + tʃ e t,,,
1615,rawa,one,,t j oː,,,
1616,rawa,path,,l ɨ p,,,
1617,rawa,rain,,h a m + p ɹ oː,,,
1618,rawa,red,,a + r j u ʔ,,,
1619,rawa,root,,a + r ɨ ŋ,,,
1620,rawa,torun,,r i t,,,
1621,rawa,salt,,f oː,,,
1622,rawa,sand,,p ã + tʃ ɨ ʔ,,,
1623,rawa,tosay,,r j oː,,,
1624,rawa,tosee,,n i ŋ,,,
1625,rawa,tosit,,t u ŋ,,,
1626,rawa,skinhide,,a + k əː,,,
1627,rawa,tosleep,,r ə p,,,
1628,rawa,small,,a + j i ŋ,,,
1629,rawa,smoke,,b ai + k ɨː,,,
1630,rawa,stand,,tʃ i ŋ,,,
1631,rawa,star,,s a t,,,
1632,rawa,stonerock,,k ə + b ɹ aː,,,
1633,rawa,sun,,h a + m i,,,
1634,rawa,sweet,,a + p i n,,,
1635,rawa,tail,,a + k ə + d o ŋ,,,
1636,rawa,totake,,l ei,,,
1637,rawa,thick,,a + p i ʔ,,,
1638,rawa,this,,h ə ŋ,,,
1639,rawa,tongue,,l ue,,,
1640,rawa,tooth,,t ua ŋ,,,
1641,rawa,water,,k ua,,,
1642,rawa,what,,h ai,,,
1643,rawa,white,,a + r j u ŋ,,,
1644,rawa,who,,h oː,,,
1645,rawa,wind,,h a + h ɨ n,,,
1646,rawa,wing,,a + z uə t,,,
1647,rawa,woman,,a + m ui,,,
1648,rawa,wood,,h ɨ ŋ,,,
1649,saria,1sg,,g o,,,
1650,saria,2sg,,n a,,,
1651,saria,3sg,,w aː,,,
1652,saria,ant,,g ɹ ɛ ŋ + g ɹ o,,,
1653,saria,armhand,,g ei ʔ,,,
1654,saria,ash,,b ai + r ə ʔ,,,
1655,saria,big,,t o ʔ,,,
1656,saria,bird,,p ə + d oː,,,
1657,saria,bite,,t ua,,,
1658,saria,bitter,,a + k j aː,,,
1659,saria,black,,a + h ɛ̃,,,
1660,saria,blood,,h ue,,,
1661,saria,bone,,a + z ai ʔ,,,
1662,saria,breast,,ɲ ɛː,,,
1663,saria,toburnit,,dʒ ɨː,,,
1664,saria,tocarryonback,,e i ʔ,,,
1665,saria,cloud,,k a + t ɨː + s ɨː,,,
1666,saria,tocryweep,,k j a ʔ,,,
1667,saria,todie,,iː,,,
1668,saria,todomake,,k ai ʔ,,,
1669,saria,dog,,b oː,,,
1670,saria,drink,,r i ŋ,,,
1671,saria,dry,,a + w ai ʔ,,,
1672,saria,ear,,k ui ʔ,,,
1673,saria,eat,,tʃ iː,,,
1674,saria,egg,,m ə + r iː,,,
1675,saria,eye,,k ə ʔ,,,
1676,saria,far,,k j eː,,,
1677,saria,fat,,a + z ua,,,
1678,saria,fingernail,,g ei + s i ŋ,,,
1679,saria,fire,,b ɛː,,,
1680,saria,fish,,ɲ oː,,,
1681,saria,fleshmeat,,m ə + r e ʔ,,,
1682,saria,tofly,,p i ʔ,,,
1683,saria,full,,l ɛː,,,
1684,saria,togive,,t a ŋ,,,
1685,saria,togo,,uː,,,
1686,saria,good,,a + j ɨː,,,
1687,saria,haironhead,,k ə + z a ʔ,,,
1688,saria,hard,,g aː,,,
1689,saria,head,,a + k o ʔ,,,
1690,saria,tohear,,r o ŋ,,,
1691,saria,heavy,,a + l ei,,,
1692,saria,tohide,,r j a ŋ + əː,,,
1693,saria,tokill,,a i ʔ,,,
1694,saria,horn,,a + k ua ŋ,,,
1695,saria,house,,h a ʔ,,,
1696,saria,in,,a + r a ŋ,,,
1697,saria,knee,,l ɛː + k u ŋ,,,
1698,saria,toknow,,d ai ʔ,,,
1699,saria,tolaugh,,z ɛː,,,
1700,saria,leaf,,a + l ə ʔ,,,
1701,saria,legfoot,,l ai,,,
1702,saria,liver,,a + p i ʔ,,,
1703,saria,long,,p ɹ a ŋ,,,
1704,saria,louse,,p r ɛː,,,
1705,saria,moon,,a ŋ + b o,,,
1706,saria,mouth,,s ə ʔ,,,
1707,saria,name,,a + b ɹ ɛ ŋ,,,
1708,saria,navel,,r ue + r i,,,
1709,saria,neck,,k ə + t j u ŋ,,,
1710,saria,new,,a + f ai ʔ,,,
1711,saria,nose,,p o ŋ,,,
1712,saria,not,,b a,,,
1713,saria,oldofthings,,a + tʃ ei ʔ,,,
1714,saria,one,,tʃ ue,,,
1715,saria,path,,l i ʔ,,,
1716,saria,rain,,h a ʔ + p ɹ o,,,
1717,saria,red,,a + r j u ʔ,,,
1718,saria,root,,a + r i ŋ,,,
1719,saria,torun,,r i ʔ,,,
1720,saria,salt,,h o ŋ,,,
1721,saria,sand,,b ɛː + tʃ i ʔ,,,
1722,saria,tosay,,j ɔː,,,
1723,saria,tosee,,ɲ ɨː,,,
1724,saria,tosit,,t u ŋ,,,
1725,saria,skinhide,,a + k əː,,,
1726,saria,tosleep,,r ə ʔ,,,
1727,saria,small,,ɲ ɛː + d oː,,,
1728,saria,smoke,,b ai + k ɨː,,,
1729,saria,stand,,tʃ i ŋ,,,
1730,saria,star,,s ai ʔ,,,
1731,saria,stonerock,,k ə + b ɹ aː,,,
1732,saria,sun,,h a + m i,,,
1733,saria,sweet,,a + p i ŋ,,,
1734,saria,tail,,ɲ i + m ɹ ɛː,,,
1735,saria,totake,,r ei,,,
1736,saria,thick,,t o ʔ + r ɨː,,,
1737,saria,this,,h ə ŋ,,,
1738,saria,tongue,,l ue,,,
1739,saria,tooth,,t ua ŋ,,,
1740,saria,water,,k ua,,,
1741,saria,what,,h ai,,,
1742,saria,white,,a + r j u ŋ,,,
1743,saria,who,,h aː,,,
1744,saria,wind,,a + h ui ʔ,,,
1745,saria,wing,,m ə + j ui ʔ,,,
1746,saria,woman,,a + m ui,,,
1747,saria,wood,,h ɹ i ŋ,,,
1748,saria,yesterday,,b ɹ õ r ĩ,,,
1749,chayangtajo,1sg,,g o,,,
1750,chayangtajo,2sg,,n a,,,
1751,chayangtajo,3sg,,w ɛː,,,
1752,chayangtajo,ant,,g ɹ ɛ ŋ + g ɹ o,,,
1753,chayangtajo,armhand,,g ei ʔ,,,
1754,chayangtajo,ash,,b ɛː + r a k,,,
1755,chayangtajo,big,,k ə l aː,,,
1756,chayangtajo,bird,,p ə + d ou,,,
1757,chayangtajo,bite,,t ua,,,
1758,chayangtajo,bitter,,a + tʃ aː,,,
1759,chayangtajo,black,,a + h j ɛ̃,,,
1760,chayangtajo,blood,,h ue,,,
1761,chayangtajo,bone,,a + z ai ʔ,,,
1762,chayangtajo,breast,,a + n j ɛː,,,
1763,chayangtajo,toburnit,,j ɨː,,,
1764,chayangtajo,tocarryonback,,e i ʔ,,,
1765,chayangtajo,cloud,,k a + t əː,,,
1766,chayangtajo,tocryweep,,tʃ a p,,,
1767,chayangtajo,todie,,iː,,,
1768,chayangtajo,todomake,,k ai ʔ,,,
1769,chayangtajo,dog,,k a j oː,,,
1770,chayangtajo,drink,,r i ŋ,,,
1771,chayangtajo,dry,,a + w ai ʔ,,,
1772,chayangtajo,ear,,k ui ʔ,,,
1773,chayangtajo,eat,,tʃ iː,,,
1774,chayangtajo,egg,,m ə + r iː,,,
1775,chayangtajo,eye,,k ə k,,,
1776,chayangtajo,far,,a + tʃ j eː,,,
1777,chayangtajo,fat,,a + z ua,,,
1778,chayangtajo,fingernail,,g ei + s i ʔ,,,
1779,chayangtajo,fire,,b ae,,,
1780,chayangtajo,fish,,k a h ua ŋ,,,
1781,chayangtajo,fleshmeat,,m ə + r j e ʔ,,,
1782,chayangtajo,tofly,,p j e ʔ,,,
1783,chayangtajo,full,,l j ɛː,,,
1784,chayangtajo,togive,,t a ŋ,,,
1785,chayangtajo,togo,,uː,,,
1786,chayangtajo,good,,a + n j a ŋ,,,
1787,chayangtajo,haironhead,,k ə + z a k,,,
1788,chayangtajo,hard,,a + k aː,,,
1789,chayangtajo,head,,a + k o k,,,
1790,chayangtajo,tohear,,r o ŋ,,,
1791,chayangtajo,heavy,,a + l ei,,,
1792,chayangtajo,tohide,,r ou + g əː,,,
1793,chayangtajo,tokill,,a i ʔ,,,
1794,chayangtajo,horn,,k o + w a ŋ,,,
1795,chayangtajo,house,,tʃ u k,,,
1796,chayangtajo,in,,a + ɹ a ŋ,,,
1797,chayangtajo,knee,,k a + p ɹ ei,,,
1798,chayangtajo,toknow,,d ai ʔ,,,
1799,chayangtajo,tolaugh,,r uɛ,,,
1800,chayangtajo,leaf,,a + l ə ʔ,,,
1801,chayangtajo,legfoot,,l ɛː,,,
1802,chayangtajo,liver,,a + p j i ʔ,,,
1803,chayangtajo,long,,a + p ɹ a ŋ,,,
1804,chayangtajo,louse,,p ɹ ɛː,,,
1805,chayangtajo,moon,,a m + b oː,,,
1806,chayangtajo,mouth,,s ə ʔ,,,
1807,chayangtajo,name,,a + b ɹ ɛ ŋ,,,
1808,chayangtajo,navel,,r ue + r ei,,,
1809,chayangtajo,neck,,k ə + t u ŋ,,,
1810,chayangtajo,new,,a + f ai ʔ,,,
1811,chayangtajo,nose,,a + p o k,,,
1812,chayangtajo,not,,b a,,,
1813,chayangtajo,oldofthings,,a + tʃ ai ʔ,,,
1814,chayangtajo,one,,h ui,,,
1815,chayangtajo,path,,p u z uɛ,,,
1816,chayangtajo,rain,,a m + p ɹ uː,,,
1817,chayangtajo,red,,a + r j u k,,,
1818,chayangtajo,root,,a + r e ŋ,,,
1819,chayangtajo,torun,,r i ʔ,,,
1820,chayangtajo,salt,,h o ŋ,,,
1821,chayangtajo,sand,,p ɹ ɛː + tʃ ei ʔ,,,
1822,chayangtajo,tosay,,l ui ʔ,,,
1823,chayangtajo,tosee,,dʒ ei,,,
1824,chayangtajo,tosit,,t u ŋ,,,
1825,chayangtajo,skinhide,,a + k əː,,,
1826,chayangtajo,tosleep,,r ə m,,,
1827,chayangtajo,small,,k ə + s i ʔ,,,
1828,chayangtajo,smoke,,b ɛː + k ɨː,,,
1829,chayangtajo,stand,,tʃ i ŋ,,,
1830,chayangtajo,star,,p ə + dʒ ai ʔ,,,
1831,chayangtajo,stonerock,,k ə + b ɹ aː,,,
1832,chayangtajo,sun,,k r iː,,,
1833,chayangtajo,sweet,,a + p i ŋ,,,
1834,chayangtajo,tail,,n i + m ɹ ɛː,,,
1835,chayangtajo,totake,,r ei,,,
1836,chayangtajo,thick,,a + p i ʔ,,,
1837,chayangtajo,this,,h ə ŋ,,,
1838,chayangtajo,tongue,,a + r ue,,,
1839,chayangtajo,tooth,,k ə + t ua ŋ,,,
1840,chayangtajo,water,,k ua,,,
1841,chayangtajo,what,,h iː,,,
1842,chayangtajo,white,,a + r j u ŋ,,,
1843,chayangtajo,who,,h aː,,,
1844,chayangtajo,wind,,a ŋ + h ui ʔ,,,
1845,chayangtajo,wing,,a + j ui ʔ,,,
1846,chayangtajo,woman,,a + m ui,,,
1847,chayangtajo,wood,,h ɹ e ŋ,,,
1848,chayangtajo,yesterday,,b j a r iː,,,
1849,lasumpatte,1sg,,g o,,,
1850,lasumpatte,2sg,,n a,,,
1851,lasumpatte,3sg,,w ɛː,,,
1852,lasumpatte,ant,,g ɹ ɛ ŋ + g ɹ o,,,
1853,lasumpatte,armhand,,g ei ʔ,,,
1854,lasumpatte,ash,,b ɛː + r a k,,,
1855,lasumpatte,big,,k ə l aː,,,
1856,lasumpatte,bird,,p ə + d ou,,,
1857,lasumpatte,bite,,t ua,,,
1858,lasumpatte,bitter,,a + tʃ j aː,,,
1859,lasumpatte,black,,a + h j ɛ̃,,,
1860,lasumpatte,blood,,h ue,,,
1861,lasumpatte,bone,,a + dʒ ai ʔ,,,
1862,lasumpatte,breast,,a + n j ɛː,,,
1863,lasumpatte,toburnit,,dʒ ɨː,,,
1864,lasumpatte,tocarryonback,,e k,,,
1865,lasumpatte,cloud,,k a + t əː,,,
1866,lasumpatte,tocryweep,,tʃ j a p,,,
1867,lasumpatte,todie,,iː,,,
1868,lasumpatte,todomake,,k ai ʔ,,,
1869,lasumpatte,dog,,k a j oː,,,
1870,lasumpatte,drink,,r i ŋ,,,
1871,lasumpatte,dry,,a + w ai ʔ,,,
1872,lasumpatte,ear,,k ui ʔ,,,
1873,lasumpatte,eat,,tʃ iː,,,
1874,lasumpatte,egg,,m ə + r iː,,,
1875,lasumpatte,eye,,k ə k,,,
1876,lasumpatte,far,,a + tʃ j eː,,,
1877,lasumpatte,fat,,a + dʒ ua,,,
1878,lasumpatte,fingernail,,g ei + s i ʔ,,,
1879,lasumpatte,fire,,b ɛː,,,
1880,lasumpatte,fish,,k a h ua ŋ,,,
1881,lasumpatte,fleshmeat,,m ə + r j e ʔ,,,
1882,lasumpatte,tofly,,p j i ʔ,,,
1883,lasumpatte,full,,l j ɛː,,,
1884,lasumpatte,togive,,t a ŋ,,,
1885,lasumpatte,togo,,uː,,,
1886,lasumpatte,good,,a + n j a ŋ,,,
1887,lasumpatte,haironhead,,k ə + dʒ a k,,,
1888,lasumpatte,hard,,a + k aː,,,
1889,lasumpatte,head,,a + k o k,,,
1890,lasumpatte,tohear,,r o ŋ,,,
1891,lasumpatte,heavy,,a + l ei,,,
1892,lasumpatte,tohide,,r ou + g əː,,,
1893,lasumpatte,tokill,,a i ʔ,,,
1894,lasumpatte,horn,,k o + w a ŋ,,,
1895,lasumpatte,house,,tʃ u k,,,
1896,lasumpatte,in,,a ŋ + ɹ a ŋ,,,
1897,lasumpatte,knee,,k a + p ei,,,
1898,lasumpatte,toknow,,d ai ʔ,,,
1899,lasumpatte,tolaugh,,r uɛ,,,
1900,lasumpatte,leaf,,a + l ə ʔ,,,
1901,lasumpatte,legfoot,,l ɛː,,,
1902,lasumpatte,liver,,a + p j i ʔ,,,
1903,lasumpatte,long,,a + p ɹ a ŋ,,,
1904,lasumpatte,louse,,p ɹ ɛː,,,
1905,lasumpatte,moon,,a m + b oː,,,
1906,lasumpatte,mouth,,s ə ʔ,,,
1907,lasumpatte,name,,a + b ɹ ɛ ŋ,,,
1908,lasumpatte,navel,,r ue + r ei,,,
1909,lasumpatte,neck,,k ə + t j u ŋ,,,
1910,lasumpatte,new,,a + f ai ʔ,,,
1911,lasumpatte,nose,,a + p o k,,,
1912,lasumpatte,not,,b a,,,
1913,lasumpatte,oldofthings,,a + tʃ ai ʔ,,,
1914,lasumpatte,one,,h ui,,,
1915,lasumpatte,path,,p u z uɛ,,,
1916,lasumpatte,rain,,a m + p j uː,,,
1917,lasumpatte,red,,a + r j u k,,,
1918,lasumpatte,root,,a + r e ŋ,,,
1919,lasumpatte,torun,,r i ʔ,,,
1920,lasumpatte,salt,,h o ŋ,,,
1921,lasumpatte,sand,,p j ɛː + tʃ e ʔ,,,
1922,lasumpatte,tosay,,l ui ʔ,,,
1923,lasumpatte,tosee,,dʒ ei,,,
1924,lasumpatte,tosit,,t u ŋ,,,
1925,lasumpatte,skinhide,,a + k əː,,,
1926,lasumpatte,tosleep,,r ə m,,,
1927,lasumpatte,small,,k ə + s i ʔ,,,
1928,lasumpatte,smoke,,b ɛː + k ɨː,,,
1929,lasumpatte,stand,,tʃ i ŋ,,,
1930,lasumpatte,star,,p ə + dʒ ai ʔ,,,
1931,lasumpatte,stonerock,,k ə + b ɹ aː,,,
1932,lasumpatte,sun,,k r iː,,,
1933,lasumpatte,sweet,,a + p i ŋ,,,
1934,lasumpatte,tail,,n i + m ɹ ɛː,,,
1935,lasumpatte,totake,,r ei,,,
1936,lasumpatte,thick,,a + p i ʔ,,,
1937,lasumpatte,this,,h ə ŋ,,,
1938,lasumpatte,tongue,,a + r ue,,,
1939,lasumpatte,tooth,,k ə + t ua ŋ,,,
1940,lasumpatte,water,,k ua,,,
1941,lasumpatte,what,,h iː,,,
1942,lasumpatte,white,,a + r j u ŋ,,,
1943,lasumpatte,who,,h aː,,,
1944,lasumpatte,wind,,a ŋ + h ui ʔ,,,
1945,lasumpatte,wing,,a + w i ʔ,,,
1946,lasumpatte,woman,,a + m ui,,,
1947,lasumpatte,wood,,h j e ŋ,,,
1948,lasumpatte,yesterday,,b j a r iː,,,
