ID,Language_ID,Parameter_ID,Form,Segments,Cognacy,Comment,Source
1,Duhumbi,1sg,ga,g a,101,,
2,Duhumbi,2sg,naŋ,n a ŋ,301,,
3,Duhumbi,3sg,wɔj,w ɔ j,501,,
4,Duhumbi,ant,kʰin-ʨʰɔk,kʰ i n + tɕʰ ɔ k,701,,
5,Duhumbi,armhand,hut,h u t,901,,
6,Duhumbi,ash,ʨʰu-pʰak,tɕʰ u + pʰ a k,1101,,
7,Duhumbi,big,ɔ-dɔk,ɔ + d ɔ k,1301,,
8,Duhumbi,bird,hwa,w̥ a,1501,,
9,Duhumbi,bite,zɛk,z ɛ k,1701,,
10,Duhumbi,bitter,ʨʰak-ba,tɕʰ a k + b a,1901,,
11,Duhumbi,black,u-ʨʰam,u + tɕʰ a m,2101,,
12,Duhumbi,blood,hɔj,h ɔ j,2301,,
13,Duhumbi,bone,ɕa-kʰus,ɕ a + kʰ u s,2501,,
14,Duhumbi,breast,nu,n u,2701,,
15,Duhumbi,toburnit,haj,h a j,2901,,
16,Duhumbi,tocarryonback,bu,b u,3101,,
17,Duhumbi,cloud,mukpa,m u k p a,3301,,
18,Duhumbi,tocryweep,kʰip,kʰ i p,3501,,
19,Duhumbi,todie,i,i,3701,,
20,Duhumbi,todomake,le,l e,3901,,
21,Duhumbi,dog,wa-tʰi,w a + tʰ i,4101,,
22,Duhumbi,drink,ɲiŋ,ɲ i ŋ,4301,,
23,Duhumbi,dry,wa-ar,w a + a r,4501,,
24,Duhumbi,ear,kʰu-tʰuŋ,kʰ u + tʰ u ŋ,4701,,
25,Duhumbi,eat,ʨʰa,tɕʰ a,4901,,
26,Duhumbi,egg,hɔj-ʥɔŋ,h ɔ j + dʑ ɔ ŋ,5101,,
27,Duhumbi,eye,kʰu-m,kʰ u + m,5303,,
28,Duhumbi,far,tʰa-u-ɹiŋ,tʰ a + u + ɹ i ŋ,5501,,
29,Duhumbi,fat,ɔ-jɔw,ɔ + j ɔ w,5701,,
30,Duhumbi,fingernail,hut-ʦun,h u t + ts u n,5901,,
31,Duhumbi,fire,bɛj,b ɛ j,6101,,
32,Duhumbi,fish,ŋa,ŋ a,6301,,
33,Duhumbi,fleshmeat,ɕa,ɕ a,6501,,
34,Duhumbi,tofly,ɕɛɹ,ɕ ɛ ɹ,6701,,
35,Duhumbi,full,pɕiŋ-ba,p ɕ i ŋ + b a,6901,,
36,Duhumbi,togive,ɕi,ɕ i,7101,,
37,Duhumbi,togo,wa,w a,7301,,
38,Duhumbi,good,ɔ-ʥɔp,ɔ + dʑ ɔ p,7501,,
39,Duhumbi,haironhead,kʰu-ɕaŋ,kʰ u + ɕ a ŋ,7701,,
40,Duhumbi,hard,kaktar,k a k t a r,7901,,
41,Duhumbi,head,kʰɔ-lɔk,kʰ ɔ + l ɔ k,8101,,
42,Duhumbi,tohear,ʥas,dʑ a s,8301,,
43,Duhumbi,heavy,u-li,u + l i,8501,,
44,Duhumbi,tohide,uk,u k,8701,,
45,Duhumbi,tokill,at,a t,8901,,
46,Duhumbi,horn,kʰɛŋ,kʰ ɛ ŋ,9101,,
47,Duhumbi,house,wam,w a m,9301,,
48,Duhumbi,in,naŋ,n a ŋ,9501,,
49,Duhumbi,knee,kɔːlɔk-pa,k ɔː l ɔ k + p a,9701,,
50,Duhumbi,toknow,dɛn,d ɛ n,9901,,
51,Duhumbi,tolaugh,ʑɛj,ʑ ɛ j,10101,,
52,Duhumbi,leaf,u-lap,u + l a p,10301,,
53,Duhumbi,legfoot,lɛj,l ɛ j,10501,,
54,Duhumbi,liver,ɕa taŋku,ɕ a + t a ŋ k u,10701,,
55,Duhumbi,long,u-riŋ,u + r i ŋ,10901,,
56,Duhumbi,louse,hɛk,h ɛ k,11101,,
57,Duhumbi,moon,nam-ba,n a m + b a,11301,,
58,Duhumbi,mouth,hɔ-ʨu,h ɔ + tɕ u,11501,,
59,Duhumbi,name,biŋ,b i ŋ,11701,,
60,Duhumbi,navel,bɔː-di,b ɔː + d i,11901,,
61,Duhumbi,neck,hɛn-tʰɔŋ,h ɛ n + tʰ ɔ ŋ,12101,,
62,Duhumbi,new,ɔ-kʰɔn,ɔ + kʰ ɔ n,12301,,
63,Duhumbi,nose,hɛm-pʰɔŋ,h ɛ m + pʰ ɔ ŋ,12501,,
64,Duhumbi,not,ba-,b a,12701,,
65,Duhumbi,oldofthings,ɔ-mɛn,ɔ + m ɛ n,12901,,
66,Duhumbi,one,hin,h i n,13101,,
67,Duhumbi,path,huma,h u m a,13301,,
68,Duhumbi,rain,na-mu,n a + m u,13501,,
69,Duhumbi,red,ɔ-kʰek,ɔ + kʰ e k,13701,,
70,Duhumbi,root,ra-ba,r a + b a,13901,,
71,Duhumbi,torun,dur,d u r,14101,,
72,Duhumbi,salt,ha,h a,14301,,
73,Duhumbi,sand,beʦa,b e ts a,14501,,
74,Duhumbi,tosay,in,i n,14701,,
75,Duhumbi,tosee,aj,a j,14901,,
76,Duhumbi,tosit,ʥu,dʑ u,15101,,
77,Duhumbi,skinhide,ɕa-kʰɔk,ɕ a + kʰ ɔ k,15301,,
78,Duhumbi,tosleep,min,m i n,15502,,
79,Duhumbi,small,ka-ti,k a + t i,15701,,
80,Duhumbi,smoke,bu-kʰu,b u + kʰ u,15901,,
81,Duhumbi,stand,kʰiŋ,kʰ i ŋ,16101,,
82,Duhumbi,star,kaɹma,k a ɹ m a,16301,,
83,Duhumbi,stonerock,luŋ,l u ŋ,16501,,
84,Duhumbi,sun,na-mi,n a + m i,16701,,
85,Duhumbi,sweet,jɔŋ-jɔŋ,j ɔ ŋ + j ɔ ŋ,16901,,
86,Duhumbi,tail,ɲɔj,ɲ ɔ j,17101,,
87,Duhumbi,totake,tʰɔn,tʰ ɔ n,17301,,
88,Duhumbi,thick,ɔ-tʰɛs,ɔ + tʰ ɛ s,17501,,
89,Duhumbi,this,ɔ-ʨʰi,ɔ + tɕʰ i,17701,,
90,Duhumbi,tongue,lɔj,l ɔ j,17901,,
91,Duhumbi,tooth,hin-tuŋ,h i n + t u ŋ,18101,,
92,Duhumbi,water,kʰow,kʰ o w,18301,,
93,Duhumbi,what,a-be,a + b e,18501,,
94,Duhumbi,white,jaŋ-kaɹ,j a ŋ + k a ɹ,18701,,
95,Duhumbi,who,mi,m i,18901,,
96,Duhumbi,wind,nam-suŋ,n a m + s u ŋ,19101,,
97,Duhumbi,wing,pɛmpu,p ɛ m p u,19301,,
98,Duhumbi,woman,ʥu-mu,dʑ u + m u,19501,,
99,Duhumbi,wood,ɕiŋ,ɕ i ŋ,19701,,
100,Duhumbi,yesterday,dɛj-ju,d ɛ j + j u,19901,,
101,Khispi,1sg,ga,g a,101,,
102,Khispi,2sg,naŋ,n a ŋ,301,,
103,Khispi,3sg,wuj,w u j,501,,
104,Khispi,ant,kʰe-ʨʰɔk,kʰ e + tɕʰ ɔ k,701,,
105,Khispi,armhand,hut,h u t,901,,
106,Khispi,ash,ʨʰu-pʰa,tɕʰ u + pʰ a,1101,,
107,Khispi,big,ɔ-dɔk,ɔ + d ɔ k,1301,,
108,Khispi,bird,hwa,w̥ a,1501,,
109,Khispi,bite,zɛk,z ɛ k,1701,,
110,Khispi,bitter,ʨʰak-ba,tɕʰ a k + b a,1901,,
111,Khispi,black,u-ʨʰam,u + tɕʰ a m,2101,,
112,Khispi,blood,hɔj,h ɔ j,2301,,
113,Khispi,bone,ɕa-kʰus,ɕ a + kʰ u s,2501,,
114,Khispi,breast,ɲu,ɲ u,2701,,
115,Khispi,toburnit,haj,h a j,2901,,
116,Khispi,tocarryonback,bu,b u,3101,,
117,Khispi,cloud,tɔŋ-ti,t ɔ ŋ + t i,3302,,
118,Khispi,tocryweep,kʰip,kʰ i p,3501,,
119,Khispi,todie,i,i,3701,,
120,Khispi,todomake,li,l i,3901,,
121,Khispi,dog,wa-tʰi,w a + tʰ i,4101,,
122,Khispi,drink,ɲiŋ,ɲ i ŋ,4301,,
123,Khispi,dry,ɔ-wal,ɔ + w a l,4501,,
124,Khispi,ear,kʰu-tʰuŋ,kʰ u + tʰ u ŋ,4701,,
125,Khispi,eat,ʨʰa,tɕʰ a,4901,,
126,Khispi,egg,ɔ-gɔŋ,ɔ + g ɔ ŋ,5102,,
127,Khispi,eye,kʰu-mɔː,kʰ u + m ɔː,5303,,
128,Khispi,far,tʰa-u-liŋ,tʰ a + u + l i ŋ,5501,,
129,Khispi,fat,ɔ-ju,ɔ + j u,5701,,
130,Khispi,fingernail,hut-ʦin,h u t + ts i n,5901,,
131,Khispi,fire,bej,b e j,6101,,
132,Khispi,fish,ŋa,ŋ a,6301,,
133,Khispi,fleshmeat,ɕa,ɕ a,6501,,
134,Khispi,tofly,ɕɛl,ɕ ɛ l,6701,,
135,Khispi,full,pɕiŋ-ba,p ɕ i ŋ + b a,6901,,
136,Khispi,togive,ɕi,ɕ i,7101,,
137,Khispi,togo,wa,w a,7301,,
138,Khispi,good,nak-pa,n a k + p a,7502,,
139,Khispi,haironhead,kʰu-ɕaŋ,kʰ u + ɕ a ŋ,7701,,
140,Khispi,hard,kaktal,k a k t a l,7901,,
141,Khispi,head,kʰɔ-lɔk,kʰ ɔ + l ɔ k,8101,,
142,Khispi,tohear,kʰa la,kʰ a + l a,8302,,
143,Khispi,heavy,u-li,u + l i,8501,,
144,Khispi,tohide,uk,u k,8701,,
145,Khispi,tokill,at,a t,8901,,
146,Khispi,horn,kʰɛŋ,kʰ ɛ ŋ,9101,,
147,Khispi,house,wam,w a m,9301,,
148,Khispi,in,naŋ,n a ŋ,9501,,
149,Khispi,knee,kɔːlɔk-pa,k ɔː l ɔ k + p a,9701,,
150,Khispi,toknow,dɛn,d ɛ n,9901,,
151,Khispi,tolaugh,ʑej,ʑ e j,10101,,
152,Khispi,leaf,u-lap,u + l a p,10301,,
153,Khispi,legfoot,lej,l e j,10501,,
154,Khispi,liver,ɕap-ɕin,ɕ a p + ɕ i n,10702,,
155,Khispi,long,u-liŋ,u + l i ŋ,10901,,
156,Khispi,louse,hɛk,h ɛ k,11101,,
157,Khispi,moon,nam-ba,n a m + b a,11301,,
158,Khispi,mouth,hɔ-ʨɔ,h ɔ + tɕ ɔ,11501,,
159,Khispi,name,biŋ,b i ŋ,11701,,
160,Khispi,navel,bɔː-di,b ɔː + d i,11901,,
161,Khispi,neck,hɛn-tʰɔŋ,h ɛ n + tʰ ɔ ŋ,12101,,
162,Khispi,new,ɔ-han,ɔ + h a n,12301,,
163,Khispi,nose,hɛm-pʰɔŋ,h ɛ m + pʰ ɔ ŋ,12501,,
164,Khispi,not,ba-,b a,12701,,
165,Khispi,oldofthings,ɔ-mɛn,ɔ + m ɛ n,12901,,
166,Khispi,one,hin,h i n,13101,,
167,Khispi,path,huma,h u m a,13301,,
168,Khispi,rain,na-mu,n a + m u,13501,,
169,Khispi,red,ɔ-hɛk,ɔ + h ɛ k,13701,,
170,Khispi,root,hiŋŋa lej,h i ŋ ŋ a + l e j,13902,,
171,Khispi,torun,dul,d u l,14101,,
172,Khispi,salt,ha,h a,14301,,
173,Khispi,sand,beʦa,b e ts a,14501,,
174,Khispi,tosay,in,i n,14701,,
175,Khispi,tosee,aj,a j,14901,,
176,Khispi,tosit,ʥu,dʑ u,15101,,
177,Khispi,skinhide,ɕa-kʰɔk,ɕ a + kʰ ɔ k,15301,,
178,Khispi,tosleep,min,m i n,15502,,
179,Khispi,small,ɕa-da,ɕ a + d a,15710,,
180,Khispi,smoke,bu-kʰu,b u + kʰ u,15901,,
181,Khispi,stand,kʰiŋ,kʰ i ŋ,16101,,
182,Khispi,star,kalma,k a l m a,16301,,
183,Khispi,stonerock,luŋ,l u ŋ,16501,,
184,Khispi,sun,na-mi,n a + m i,16701,,
185,Khispi,sweet,ɔ-bej-da,ɔ + b e j + d a,16902,,
186,Khispi,tail,ɲuj,ɲ u j,17101,,
187,Khispi,totake,tʰɔn,tʰ ɔ n,17301,,
188,Khispi,thick,ɔ-tʰɛs,ɔ + tʰ ɛ s,17501,,
189,Khispi,this,u-ʨʰi,u + tɕʰ i,17701,,
190,Khispi,tongue,luj,l u j,17901,,
191,Khispi,tooth,ɕin-tuŋ,ɕ i n + t u ŋ,18101,,
192,Khispi,water,kʰaw,kʰ a w,18301,,
193,Khispi,what,a-be,a + b e,18501,,
194,Khispi,white,jaŋ-kal,j a ŋ + k a l,18701,,
195,Khispi,who,mi,m i,18901,,
196,Khispi,wind,nam-suŋ,n a m + s u ŋ,19101,,
197,Khispi,wing,ɲuj-pʰa,ɲ u j + pʰ a,19302,,
198,Khispi,woman,ʥu-mu,dʑ u + m u,19501,,
199,Khispi,wood,hiŋ,h i ŋ,19701,,
200,Khispi,yesterday,di-ju,d i + j u,19901,,
201,Rupa,1sg,gu,g u,101,,
202,Rupa,2sg,naŋ,n a ŋ,301,,
203,Rupa,3sg,wa,w a,501,,
204,Rupa,ant,san-ʥɔk,s a n + dʑ ɔ k,701,,
205,Rupa,armhand,ik,i k,902,,
206,Rupa,ash,ʨʰa-pʰluː,tɕʰ a + pʰ l uː,1101,,
207,Rupa,big,a-dɔk,a + d ɔ k,1301,,
208,Rupa,bird,hu,h u,1501,,
209,Rupa,bite,zɛk,z ɛ k,1701,,
210,Rupa,bitter,ʨʰɐk,tɕʰ ɐ k,1901,,
211,Rupa,black,a-ʨʰũː,a + tɕʰ ũː,2101,,
212,Rupa,blood,haː,h aː,2301,,
213,Rupa,bone,s-kik,s + k i k,2501,,
214,Rupa,breast,ɲyŋ,ɲ y ŋ,2702,,
215,Rupa,toburnit,haː,h aː,2901,,
216,Rupa,tocarryonback,byː,b yː,3101,,
217,Rupa,cloud,s-ty,s + t y,3302,,
218,Rupa,tocryweep,kʰe,kʰ e,3501,,
219,Rupa,todie,iː,iː,3701,,
220,Rupa,todomake,ra,r a,3901,,
221,Rupa,dog,bə-tʰaː,b ə + tʰ aː,4101,,
222,Rupa,drink,liŋ,l i ŋ,4302,,
223,Rupa,dry,ɔ-ɔ̃ː,ɔ + ɔ̃ː,4501,,
224,Rupa,ear,gə-tʰyŋ,g ə + tʰ y ŋ,4701,,
225,Rupa,eat,ʦʰu,tsʰ u,4901,,
226,Rupa,egg,a-juŋ,a + j u ŋ,5103,,
227,Rupa,eye,kʰa-by,kʰ a + b y,5301,,
228,Rupa,far,a-ʨʰɔ̃ː,a + tɕʰ ɔ̃ː,5502,,
229,Rupa,fat,a-jɔː,a + j ɔː,5701,,
230,Rupa,fingernail,ik-ʦiŋ,i k + ts i ŋ,5901,,
231,Rupa,fire,ba,b a,6101,,
232,Rupa,fish,ɲu,ɲ u,6301,,
233,Rupa,fleshmeat,su,s u,6501,,
234,Rupa,tofly,ʨʰan,tɕʰ a n,6701,,
235,Rupa,full,pʰiŋ-ba,pʰ i ŋ + b a,6901,,
236,Rupa,togive,ʨʰi,tɕʰ i,7101,,
237,Rupa,togo,rɔ,r ɔ,7302,,
238,Rupa,good,a-ʥap,a + dʑ a p,7501,,
239,Rupa,haironhead,gə-zaŋ,g ə + z a ŋ,7701,,
240,Rupa,hard,a-ʨu,a + tɕ u,7902,,
241,Rupa,head,kʰ-ruk,kʰ + r u k,8101,,
242,Rupa,tohear,jɔ,j ɔ,8303,,
243,Rupa,heavy,a-liː,a + l iː,8501,,
244,Rupa,tohide,uk,u k,8701,,
245,Rupa,tokill,ɔ,ɔ,8901,,
246,Rupa,horn,kʰɛŋ,kʰ ɛ ŋ,9101,,
247,Rupa,house,jam,j a m,9301,,
248,Rupa,in,a-lyŋ,a + l y ŋ,9502,,
249,Rupa,knee,lə-pʰyk,l ə + pʰ y k,9702,,
250,Rupa,toknow,dan,d a n,9901,,
251,Rupa,tolaugh,zaː,z aː,10101,,
252,Rupa,leaf,a-lap,a + l a p,10301,,
253,Rupa,legfoot,la,l a,10501,,
254,Rupa,liver,a-ʦʰɛ̃ː,a + tsʰ ɛ̃ː,10703,,
255,Rupa,long,a-rɛŋ,a + r ɛ ŋ,10901,,
256,Rupa,louse,hɛk,h ɛ k,11101,,
257,Rupa,moon,nam-blu,n a m + b l u,11301,,
258,Rupa,mouth,nə-ʦʰaw,n ə + tsʰ a w,11501,,
259,Rupa,name,a-zɛŋ,a + z ɛ ŋ,11701,,
260,Rupa,navel,b-raː,b + r aː,11901,,
261,Rupa,neck,tʰuŋ-ʦɛ̃ː,tʰ u ŋ + ts ɛ̃ː,12101,,
262,Rupa,new,a-fan,a + f a n,12301,,
263,Rupa,nose,nə-pʰuŋ,n ə + pʰ u ŋ,12501,,
264,Rupa,not,bə-,b ə,12701,,
265,Rupa,oldofthings,a-man,a + m a n,12901,,
266,Rupa,one,han,h a n,13101,,
267,Rupa,path,ləmu,l ə m u,13301,,
268,Rupa,rain,nə-ʦʰuː,n ə + tsʰ uː,13502,,
269,Rupa,red,ə-hɛk,ə + h ɛ k,13701,,
270,Rupa,root,ə-hĩː,ə + h ĩː,13903,,
271,Rupa,torun,ʨʰaː,tɕʰ aː,14102,,
272,Rupa,salt,hũː,h ũː,14302,,
273,Rupa,sand,mə-kʰɔ,m ə + kʰ ɔ,14502,,
274,Rupa,tosay,am,a m,14701,,
275,Rupa,tosee,ɔː,ɔː,14901,,
276,Rupa,tosit,ʥau,dʑ au,15101,,
277,Rupa,skinhide,s-kuk,s + k u k,15301,,
278,Rupa,tosleep,ʥiŋ,dʑ i ŋ,15501,,
279,Rupa,small,a-ʨan-du,a + tɕ a n + d u,15703,,
280,Rupa,smoke,ba-kʰy,b a + kʰ y,15901,,
281,Rupa,stand,kʰĩː,kʰ ĩː,16101,,
282,Rupa,star,zyk,z y k,16302,,
283,Rupa,stonerock,lýŋ,l ý/y ŋ,16501,,
284,Rupa,sun,nə-nyː,n ə + n yː,16702,,
285,Rupa,sweet,a-ʨĩː,a + tɕ ĩː,16907,,
286,Rupa,tail,a-ɲaː,a + ɲ aː,17101,,
287,Rupa,totake,tʰøː,tʰ øː,17301,,
288,Rupa,thick,a-tʰat,a + tʰ a t,17501,,
289,Rupa,this,tʰwa,tʰ w a,17702,,
290,Rupa,tongue,laː-pʰɔ̃,l aː + pʰ ɔ̃,17901,,
291,Rupa,tooth,tɔkʨʰeː,t ɔ k tɕʰ eː,18102,,
292,Rupa,water,kʰoː,kʰ oː,18301,,
293,Rupa,what,musi aː,m u s i + aː,18502,,
294,Rupa,white,a-zɔ̃ː,a + z ɔ̃ː,18702,,
295,Rupa,who,ɲiː,ɲ iː,18901,,
296,Rupa,wind,nə-sɔm,n ə + s ɔ m,19101,,
297,Rupa,wing,nə-pʰaŋ,n ə + pʰ a ŋ,19302,,
298,Rupa,woman,ʥə-my,dʑ ə + m y,19501,,
299,Rupa,wood,hiŋ,h i ŋ,19701,,
300,Rupa,yesterday,di-jau,d i + j au,19901,,
301,Shergaon,1sg,gu,g u,101,,
302,Shergaon,2sg,naŋ,n a ŋ,301,,
303,Shergaon,3sg,wa,w a,501,,
304,Shergaon,ant,san-ʥɔk,s a n + dʑ ɔ k,701,,
305,Shergaon,armhand,ik,i k,902,,
306,Shergaon,ash,ʨʰa-pʰuː,tɕʰ a + pʰ uː,1101,,
307,Shergaon,big,a-dɔk,a + d ɔ k,1301,,
308,Shergaon,bird,hu,h u,1501,,
309,Shergaon,bite,zɛk,z ɛ k,1701,,
310,Shergaon,bitter,a-ʨʰak,a + tɕʰ a k,1901,,
311,Shergaon,black,a-ʨʰɔ̃ː,a + tɕʰ ɔ̃ː,2101,,
312,Shergaon,blood,haː,h aː,2301,,
313,Shergaon,bone,s-kit,s + k i t,2501,,
314,Shergaon,breast,ɲuŋ,ɲ u ŋ,2702,,
315,Shergaon,toburnit,haː,h aː,2901,,
316,Shergaon,tocarryonback,byː,b yː,3101,,
317,Shergaon,cloud,sin-ty,s i n + t y,3302,,
318,Shergaon,tocryweep,kʰe,kʰ e,3501,,
319,Shergaon,todie,iː,iː,3701,,
320,Shergaon,todomake,ra,r a,3901,,
321,Shergaon,dog,pʰ-tʰaː,pʰ + tʰ aː,4101,,
322,Shergaon,drink,iŋ,i ŋ,4302,,
323,Shergaon,dry,ɔ-ɔ̃ː,ɔ + ɔ̃ː,4501,,
324,Shergaon,ear,kʰə-tʰuŋ-lap,kʰ ə + tʰ u ŋ + l a p,4701,,
325,Shergaon,eat,ʨʰu,tɕʰ u,4901,,
326,Shergaon,egg,kʰlɔm,kʰ l ɔ m,5104,,
327,Shergaon,eye,kʰi-biː,kʰ i + b iː,5301,,
328,Shergaon,far,a-ʨʰɔ̃ː,a + tɕʰ ɔ̃ː,5502,,
329,Shergaon,fat,a-jɔː,a + j ɔː,5701,,
330,Shergaon,fingernail,ik-ʨiŋ,i k + tɕ i ŋ,5901,,
331,Shergaon,fire,ba,b a,6101,,
332,Shergaon,fish,ɲu,ɲ u,6301,,
333,Shergaon,fleshmeat,su,s u,6501,,
334,Shergaon,tofly,ʨʰan,tɕʰ a n,6701,,
335,Shergaon,full,pʰiŋ-ba,pʰ i ŋ + b a,6901,,
336,Shergaon,togive,kʰji,kʰ j i,7101,,
337,Shergaon,togo,ro,r o,7302,,
338,Shergaon,good,a-ʥap,a + dʑ a p,7501,,
339,Shergaon,haironhead,gə-zaŋ,g ə + z a ŋ,7701,,
340,Shergaon,hard,a-ʨu,a + tɕ u,7902,,
341,Shergaon,head,kʰ-ruk,kʰ + r u k,8101,,
342,Shergaon,tohear,jo,j o,8303,,
343,Shergaon,heavy,a-liː,a + l iː,8501,,
344,Shergaon,tohide,uk,u k,8701,,
345,Shergaon,tokill,o,o,8901,,
346,Shergaon,horn,kʰɛŋ,kʰ ɛ ŋ,9101,,
347,Shergaon,house,jam,j a m,9301,,
348,Shergaon,in,a-luŋ,a + l u ŋ,9502,,
349,Shergaon,knee,kʰlɔk-puː,kʰ l ɔ k + p uː,9701,,
350,Shergaon,toknow,dan,d a n,9901,,
351,Shergaon,tolaugh,zaː,z aː,10101,,
352,Shergaon,leaf,a-lap,a + l a p,10301,,
353,Shergaon,legfoot,la,l a,10501,,
354,Shergaon,liver,a-ʨʰĩː,a + tɕʰ ĩː,10703,,
355,Shergaon,long,a-rɛŋ,a + r ɛ ŋ,10901,,
356,Shergaon,louse,hɛk,h ɛ k,11101,,
357,Shergaon,moon,nam-blu,n a m + b l u,11301,,
358,Shergaon,mouth,nə-ʨʰaw,n ə + tɕʰ a w,11501,,
359,Shergaon,name,a-zɛŋ,a + z ɛ ŋ,11701,,
360,Shergaon,navel,bu-ti-muː,b u + t i + m uː,11901,,
361,Shergaon,neck,takraː,t a k r aː,12102,,
362,Shergaon,new,u-fan,u + f a n,12301,,
363,Shergaon,nose,nə-pʰuŋ,n ə + pʰ u ŋ,12501,,
364,Shergaon,not,bə-,b ə,12701,,
365,Shergaon,oldofthings,a-man,a + m a n,12901,,
366,Shergaon,one,han,h a n,13101,,
367,Shergaon,path,ləmu,l ə m u,13301,,
368,Shergaon,rain,ɲi-mi,ɲ i + m i,13501,,
369,Shergaon,red,ə-hɛk,ə + h ɛ k,13701,,
370,Shergaon,root,ra-bɔː,r a + b ɔː,13901,,
371,Shergaon,torun,ʨʰaː,tɕʰ aː,14102,,
372,Shergaon,salt,huŋ,h u ŋ,14302,,
373,Shergaon,sand,beʦɔ,b e ts ɔ,14501,,
374,Shergaon,tosay,am,a m,14701,,
375,Shergaon,tosee,ɔː,ɔː,14901,,
376,Shergaon,tosit,ʥau,dʑ au,15101,,
377,Shergaon,skinhide,s-kuk,s + k u k,15301,,
378,Shergaon,tosleep,ʥin,dʑ i n,15501,,
379,Shergaon,small,a-ʨan-du,a + tɕ a n + d u,15703,,
380,Shergaon,smoke,ba-kʰy,b a + kʰ y,15901,,
381,Shergaon,stand,kʰĩː,kʰ ĩː,16101,,
382,Shergaon,star,ʨʰu-zuk,tɕʰ u + z u k,16302,,
383,Shergaon,stonerock,luŋ,l u ŋ,16501,,
384,Shergaon,sun,nə-niː,n ə + n iː,16702,,
385,Shergaon,sweet,a-ʨĩː,a + tɕ ĩː,16907,,
386,Shergaon,tail,a-ɲaː,a + ɲ aː,17101,,
387,Shergaon,totake,tʰɛː,tʰ ɛː,17301,,
388,Shergaon,thick,a-tʰɛt,a + tʰ ɛ t,17501,,
389,Shergaon,this,tʰa,tʰ a,17702,,
390,Shergaon,tongue,laː,l aː,17901,,
391,Shergaon,tooth,nə-tʰuŋ,n ə + tʰ u ŋ,18101,,
392,Shergaon,water,kʰoː,kʰ oː,18301,,
393,Shergaon,what,mə-raː,m ə + r aː,18502,,
394,Shergaon,white,a-zɔ̃ː,a + z ɔ̃ː,18702,,
395,Shergaon,who,ɲiː,ɲ iː,18901,,
396,Shergaon,wind,nə-sɔm,n ə + s ɔ m,19101,,
397,Shergaon,wing,lə-pʰaŋ,l ə + pʰ a ŋ,19302,,
398,Shergaon,woman,ʥə-mi,dʑ ə + m i,19501,,
399,Shergaon,wood,hiŋ,h i ŋ,19701,,
400,Rahung,1sg,gu,g u,101,,
401,Rahung,2sg,naŋ,n a ŋ,301,,
402,Rahung,3sg,hɛ ~ ʔɛ,h ɛ,501,,
403,Rahung,3sg,hɛ ~ ʔɛ,ʔ ɛ,501,,
404,Rahung,ant,saŋ-ʥɔk,s a ŋ + dʑ ɔ k,701,,
405,Rahung,armhand,ik,i k,902,,
406,Rahung,ash,ʨʰa-pʰluː,tɕʰ a + pʰ l uː,1101,,
407,Rahung,big,a-dɔk,a + d ɔ k,1301,,
408,Rahung,bird,hu,h u,1501,,
409,Rahung,bite,zɛk,z ɛ k,1701,,
410,Rahung,bitter,ʨʰak,tɕʰ a k,1901,,
411,Rahung,black,a-ʨʰũː,a + tɕʰ ũː,2101,,
412,Rahung,blood,hɛː,h ɛː,2301,,
413,Rahung,bone,s-kik,s + k i k,2501,,
414,Rahung,breast,nyŋ,n y ŋ,2702,,
415,Rahung,toburnit,hɛː,h ɛː,2901,,
416,Rahung,tocarryonback,byː,b yː,3101,,
417,Rahung,cloud,syn-ty,s y n + t y,3302,,
418,Rahung,tocryweep,ʨʰe,tɕʰ e,3501,,
419,Rahung,todie,iː,iː,3701,,
420,Rahung,todomake,rɛ ~ ra,r ɛ,3901,,
421,Rahung,todomake,rɛ ~ ra,r a,3901,,
422,Rahung,dog,pʰ-tʰɛː,pʰ + tʰ ɛː,4101,,
423,Rahung,drink,liŋ,l i ŋ,4302,,
424,Rahung,dry,ɔ-ɔ̃ː,ɔ + ɔ̃ː,4501,,
425,Rahung,ear,kʰ-tʰyŋ,kʰ + tʰ y ŋ,4701,,
426,Rahung,eat,ʨʰu,tɕʰ u,4901,,
427,Rahung,egg,a-juŋ,a + j u ŋ,5103,,
428,Rahung,eye,kʰa-by,kʰ a + b y,5301,,
429,Rahung,far,a-ʨʰɔ̃ː,a + tɕʰ ɔ̃ː,5502,,
430,Rahung,fat,a-jɔw,a + j ɔ w,5701,,
431,Rahung,fingernail,ik-ʨiŋ,i k + tɕ i ŋ,5901,,
432,Rahung,fire,bɛ,b ɛ,6101,,
433,Rahung,fish,nu,n u,6301,,
434,Rahung,fleshmeat,su,s u,6501,,
435,Rahung,tofly,ʨʰɛm,tɕʰ ɛ m,6701,,
436,Rahung,full,a-pʰiŋ,a + pʰ i ŋ,6901,,
437,Rahung,togive,ʨʰi,tɕʰ i,7101,,
438,Rahung,togo,rɔ,r ɔ,7302,,
439,Rahung,good,a-ʥap,a + dʑ a p,7501,,
440,Rahung,haironhead,gə-zaŋ,g ə + z a ŋ,7701,,
441,Rahung,hard,a-ʨu,a + tɕ u,7902,,
442,Rahung,head,kʰ-ruk,kʰ + r u k,8101,,
443,Rahung,tohear,jɔ̃,j ɔ̃,8303,,
444,Rahung,heavy,a-liː,a + l iː,8501,,
445,Rahung,tohide,uk,u k,8701,,
446,Rahung,tokill,ɔ,ɔ,8901,,
447,Rahung,horn,ʨʰɛŋ,tɕʰ ɛ ŋ,9101,,
448,Rahung,house,jam,j a m,9301,,
449,Rahung,in,a-lyŋ,a + l y ŋ,9502,,
450,Rahung,knee,la-pʰik kʰɔm,l a + pʰ i k + kʰ ɔ m,9702,,
451,Rahung,toknow,dɛn,d ɛ n,9901,,
452,Rahung,tolaugh,zɛː,z ɛː,10101,,
453,Rahung,leaf,a-rap,a + r a p,10301,,
454,Rahung,legfoot,lɛ,l ɛ,10501,,
455,Rahung,liver,a-ʨʰĩː,a + tɕʰ ĩː,10703,,
456,Rahung,long,a-rɛŋ,a + r ɛ ŋ,10901,,
457,Rahung,louse,hɛk,h ɛ k,11101,,
458,Rahung,moon,nam-bru,n a m + b r u,11301,,
459,Rahung,mouth,ʨʰə-ʨʰoː,tɕʰ ə + tɕʰ oː,11501,,
460,Rahung,name,a-ʥɛŋ,a + dʑ ɛ ŋ,11701,,
461,Rahung,navel,b-rɛː,b + r ɛː,11901,,
462,Rahung,neck,pʰ-tʰuŋ,pʰ + tʰ u ŋ,12101,,
463,Rahung,new,a-hɛn,a + h ɛ n,12301,,
464,Rahung,nose,ma-pʰuŋ,m a + pʰ u ŋ,12501,,
465,Rahung,not,bə-,b ə,12701,,
466,Rahung,oldofthings,a-mɛn,a + m ɛ n,12901,,
467,Rahung,one,hɛn,h ɛ n,13101,,
468,Rahung,path,lym,l y m,13301,,
469,Rahung,rain,pʰ-ʨʰu,pʰ + tɕʰ u,13502,,
470,Rahung,red,ə-hɛk,ə + h ɛ k,13701,,
471,Rahung,root,i-hĩː,i + h ĩː,13903,,
472,Rahung,torun,ʨɛː,tɕ ɛː,14102,,
473,Rahung,salt,hũŋ,h ũ ŋ,14302,,
474,Rahung,sand,kʰə-bɔ,kʰ ə + b ɔ,14503,,
475,Rahung,tosay,an,a n,14701,,
476,Rahung,tosee,ɔː,ɔː,14901,,
477,Rahung,tosit,ʥo,dʑ o,15101,,
478,Rahung,skinhide,s-kuk,s + k u k,15301,,
479,Rahung,tosleep,ʥiŋ,dʑ i ŋ,15501,,
480,Rahung,small,ʨɔ̃ː-du,tɕ ɔ̃ː + d u,15703,,
481,Rahung,smoke,ba-kʰy,b a + kʰ y,15901,,
482,Rahung,stand,ʨʰĩː,tɕʰ ĩː,16101,,
483,Rahung,star,ʨʰyŋ-zyk,tɕʰ y ŋ + z y k,16302,,
484,Rahung,stonerock,rýŋ,r ý/y ŋ,16501,,
485,Rahung,sun,nə-miː,n ə + m iː,16701,,
486,Rahung,sweet,ʨĩː,tɕ ĩː,16907,,
487,Rahung,tail,a-nɛʰ,a + n ɛʰ/ɛ,17101,,
488,Rahung,totake,tʰɛn,tʰ ɛ n,17301,,
489,Rahung,thick,a-tʰɛ,a + tʰ ɛ,17501,,
490,Rahung,this,tʰə,tʰ ə,17702,,
491,Rahung,tongue,lɛː,l ɛː,17901,,
492,Rahung,tooth,pʰ-tʰyŋ,pʰ + tʰ y ŋ,18101,,
493,Rahung,water,kʰoː ~ kʰow,kʰ oː,18301,,
494,Rahung,water,kʰoː ~ kʰow,kʰ o w,18301,,
495,Rahung,what,pʰ-ʨʰɔ̃ː waː,pʰ + tɕʰ ɔ̃ː + w aː,18503,,
496,Rahung,white,a-zɔ̃ː,a + z ɔ̃ː,18702,,
497,Rahung,who,miː,m iː,18901,,
498,Rahung,wind,p-søm,p + s ø m,19101,,
499,Rahung,wing,mə-pʰaŋ,m ə + pʰ a ŋ,19302,,
500,Rahung,woman,ʥə-my,dʑ ə + m y,19501,,
501,Rahung,wood,hiŋ,h i ŋ,19701,,
502,Rahung,yesterday,ʥɔ-hɔː ~ ʥoː,dʑ ɔ + h ɔː,19901,,
503,Rahung,yesterday,ʥɔ-hɔː ~ ʥoː,dʑ oː,19901,,
504,Khoitam,1sg,gu,g u,101,,
505,Khoitam,2sg,naŋ,n a ŋ,301,,
506,Khoitam,3sg,wa-ʥi,w a + dʑ i,501,,
507,Khoitam,ant,saŋ-ʥɔk,s a ŋ + dʑ ɔ k,701,,
508,Khoitam,armhand,ik,i k,902,,
509,Khoitam,ash,ʨʰa-pʰluː,tɕʰ a + pʰ l uː,1101,,
510,Khoitam,big,a-dɔk,a + d ɔ k,1301,,
511,Khoitam,bird,hu,h u,1501,,
512,Khoitam,bite,zɛk,z ɛ k,1701,,
513,Khoitam,bitter,ʨʰak,tɕʰ a k,1901,,
514,Khoitam,black,a-ʨʰũː,a + tɕʰ ũː,2101,,
515,Khoitam,blood,hɛː,h ɛː,2301,,
516,Khoitam,bone,sə-kik ~ s-kik,s ə + k i k,2501,,
517,Khoitam,bone,sə-kik ~ s-kik,s + k i k,2501,,
518,Khoitam,breast,nyŋ,n y ŋ,2702,,
519,Khoitam,toburnit,hɛː,h ɛː,2901,,
520,Khoitam,tocarryonback,byː,b yː,3101,,
521,Khoitam,cloud,syŋ-ty,s y ŋ + t y,3302,,
522,Khoitam,tocryweep,ʨʰe,tɕʰ e,3501,,
523,Khoitam,todie,iː,iː,3701,,
524,Khoitam,todomake,rɛ,r ɛ,3901,,
525,Khoitam,dog,pʰ-tʰɛː,pʰ + tʰ ɛː,4101,,
526,Khoitam,drink,liŋ,l i ŋ,4302,,
527,Khoitam,dry,yk-ãː,y k + ãː,4501,,
528,Khoitam,ear,kʰ-tʰyŋ,kʰ + tʰ y ŋ,4701,,
529,Khoitam,eat,ʨʰu,tɕʰ u,4901,,
530,Khoitam,egg,a-juŋ,a + j u ŋ,5103,,
531,Khoitam,eye,kʰa-by,kʰ a + b y,5301,,
532,Khoitam,far,a-ʨʰɔ̃ː,a + tɕʰ ɔ̃ː,5502,,
533,Khoitam,fat,a-jɔː,a + j ɔː,5701,,
534,Khoitam,fingernail,ik-ʦiŋ,i k + ts i ŋ,5901,,
535,Khoitam,fire,bɛ,b ɛ,6101,,
536,Khoitam,fish,nu,n u,6301,,
537,Khoitam,fleshmeat,su,s u,6501,,
538,Khoitam,tofly,ʨʰan,tɕʰ a n,6701,,
539,Khoitam,full,a-pʰiŋ,a + pʰ i ŋ,6901,,
540,Khoitam,togive,ʨʰi,tɕʰ i,7101,,
541,Khoitam,togo,rɔ,r ɔ,7302,,
542,Khoitam,good,a-ʥap,a + dʑ a p,7501,,
543,Khoitam,haironhead,gə-zaŋ,g ə + z a ŋ,7701,,
544,Khoitam,hard,a-ʨu,a + tɕ u,7902,,
545,Khoitam,head,kʰ-ruk,kʰ + r u k,8101,,
546,Khoitam,tohear,jɔ̃,j ɔ̃,8303,,
547,Khoitam,heavy,a-liː,a + l iː,8501,,
548,Khoitam,tohide,uk,u k,8701,,
549,Khoitam,tokill,ɔ,ɔ,8901,,
550,Khoitam,horn,ʨʰɛŋ,tɕʰ ɛ ŋ,9101,,
551,Khoitam,house,jam,j a m,9301,,
552,Khoitam,in,a-lyŋ,a + l y ŋ,9502,,
553,Khoitam,knee,lə-pʰik kʰɔm,l ə + pʰ i k + kʰ ɔ m,9702,,
554,Khoitam,toknow,dɛn,d ɛ n,9901,,
555,Khoitam,tolaugh,zɛː,z ɛː,10101,,
556,Khoitam,leaf,a-rap,a + r a p,10301,,
557,Khoitam,legfoot,lɛ,l ɛ,10501,,
558,Khoitam,liver,sə-sĩː,s ə + s ĩː,10702,,
559,Khoitam,long,a-rɛŋ,a + r ɛ ŋ,10901,,
560,Khoitam,louse,hɛk,h ɛ k,11101,,
561,Khoitam,moon,nam-blu,n a m + b l u,11301,,
562,Khoitam,mouth,ʨʰə-sɔː,tɕʰ ə + s ɔː,11501,,
563,Khoitam,name,a-ʥɛŋ,a + dʑ ɛ ŋ,11701,,
564,Khoitam,navel,b-rɛː,b + r ɛː,11901,,
565,Khoitam,neck,nə-tʰuŋ,n ə + tʰ u ŋ,12101,,
566,Khoitam,new,a-fan,a + f a n,12301,,
567,Khoitam,nose,nə-pʰuŋ,n ə + pʰ u ŋ,12501,,
568,Khoitam,not,bə-,b ə,12701,,
569,Khoitam,oldofthings,a-man,a + m a n,12901,,
570,Khoitam,one,han,h a n,13101,,
571,Khoitam,path,lym,l y m,13301,,
572,Khoitam,rain,nə-ʨʰu,n ə + tɕʰ u,13502,,
573,Khoitam,red,ə-hɛk,ə + h ɛ k,13701,,
574,Khoitam,root,a-hĩː,a + h ĩː,13903,,
575,Khoitam,torun,riŋ,r i ŋ,14103,,
576,Khoitam,salt,huŋ,h u ŋ,14302,,
577,Khoitam,sand,kʰə-pʰɔ,kʰ ə + pʰ ɔ,14503,,
578,Khoitam,tosay,an,a n,14701,,
579,Khoitam,tosee,nũː (-ʨʰi),n ũː,14902,,
580,Khoitam,tosit,ʥɔː,dʑ ɔː,15101,,
581,Khoitam,skinhide,s-kuk,s + k u k,15301,,
582,Khoitam,tosleep,ʥiŋ,dʑ i ŋ,15501,,
583,Khoitam,small,a-ʥan-du,a + dʑ a n + d u,15703,,
584,Khoitam,smoke,ba-kʰy,b a + kʰ y,15901,,
585,Khoitam,stand,ʨʰĩː,tɕʰ ĩː,16101,,
586,Khoitam,star,ʨʰyŋ-zyk,tɕʰ y ŋ + z y k,16302,,
587,Khoitam,stonerock,rýŋ,r ý/y ŋ,16501,,
588,Khoitam,sun,nə-miː,n ə + m iː,16701,,
589,Khoitam,sweet,ʨĩː,tɕ ĩː,16907,,
590,Khoitam,tail,a-nɛʰ,a + n ɛʰ/ɛ,17101,,
591,Khoitam,totake,tʰĩː,tʰ ĩː,17301,,
592,Khoitam,thick,a-tʰɛ,a + tʰ ɛ,17501,,
593,Khoitam,this,tʰɛː,tʰ ɛː,17702,,
594,Khoitam,tongue,lɛː,l ɛː,17901,,
595,Khoitam,tooth,nə-tʰyŋ,n ə + tʰ y ŋ,18101,,
596,Khoitam,water,kʰɔː ~ kʰoː,kʰ ɔː,18301,,
597,Khoitam,water,kʰɔː ~ kʰoː,kʰ oː,18301,,
598,Khoitam,what,a-ti jaː,a + t i + j aː,18504,,
599,Khoitam,white,a-zɔ̃ː,a + z ɔ̃ː,18702,,
600,Khoitam,who,miː,m iː,18901,,
601,Khoitam,wind,ny-sɔm,n y + s ɔ m,19101,,
602,Khoitam,wing,nə-pʰaŋ,n ə + pʰ a ŋ,19302,,
603,Khoitam,woman,ʥə-my,dʑ ə + m y,19501,,
604,Khoitam,wood,hiŋ,h i ŋ,19701,,
605,Khoitam,yesterday,ʥy-jɔː,dʑ y + j ɔː,19901,,
606,Jerigaon,1sg,gu,g u,101,,
607,Jerigaon,2sg,naŋ,n a ŋ,301,,
608,Jerigaon,3sg,wa,w a,501,,
609,Jerigaon,ant,san-ʥɔk,s a n + dʑ ɔ k,701,,
610,Jerigaon,armhand,ik,i k,902,,
611,Jerigaon,ash,ʨʰa-pʰluː,tɕʰ a + pʰ l uː,1101,,
612,Jerigaon,big,a-dɔk,a + d ɔ k,1301,,
613,Jerigaon,bird,hu,h u,1501,,
614,Jerigaon,bite,zɛk,z ɛ k,1701,,
615,Jerigaon,bitter,ʨʰak,tɕʰ a k,1901,,
616,Jerigaon,black,a-ʨʰũː,a + tɕʰ ũː,2101,,
617,Jerigaon,blood,hɛː,h ɛː,2301,,
618,Jerigaon,bone,i-hik,i + h i k,2501,,
619,Jerigaon,breast,nyŋ,n y ŋ,2702,,
620,Jerigaon,toburnit,hɛː,h ɛː,2901,,
621,Jerigaon,tocarryonback,byː,b yː,3101,,
622,Jerigaon,cloud,s-ty,s + t y,3302,,
623,Jerigaon,tocryweep,ʨʰe,tɕʰ e,3501,,
624,Jerigaon,todie,iː,iː,3701,,
625,Jerigaon,todomake,ra,r a,3901,,
626,Jerigaon,dog,pʰ-tʰɛː,pʰ + tʰ ɛː,4101,,
627,Jerigaon,drink,liŋ,l i ŋ,4302,,
628,Jerigaon,dry,yk-ãː,y k + ãː,4501,,
629,Jerigaon,ear,kʰ-tʰyŋ-lɛ,kʰ + tʰ y ŋ + l ɛ,4701,,
630,Jerigaon,eat,ʨʰu,tɕʰ u,4901,,
631,Jerigaon,egg,a-juŋ,a + j u ŋ,5103,,
632,Jerigaon,eye,kʰa-by,kʰ a + b y,5301,,
633,Jerigaon,far,a-ʨʰãː,a + tɕʰ ãː,5502,,
634,Jerigaon,fat,a-jɔː,a + j ɔː,5701,,
635,Jerigaon,fingernail,ik-ʨʰiŋ,i k + tɕʰ i ŋ,5901,,
636,Jerigaon,fire,bɛ,b ɛ,6101,,
637,Jerigaon,fish,nu,n u,6301,,
638,Jerigaon,fleshmeat,su,s u,6501,,
639,Jerigaon,tofly,ʨʰɛn,tɕʰ ɛ n,6701,,
640,Jerigaon,full,a-pʰiŋ,a + pʰ i ŋ,6901,,
641,Jerigaon,togive,ʨʰi,tɕʰ i,7101,,
642,Jerigaon,togo,rɔ,r ɔ,7302,,
643,Jerigaon,good,a-ʥɛ,a + dʑ ɛ,7501,,
644,Jerigaon,haironhead,gə-zaŋ,g ə + z a ŋ,7701,,
645,Jerigaon,hard,a-ʨu,a + tɕ u,7902,,
646,Jerigaon,head,kʰ-ruk,kʰ + r u k,8101,,
647,Jerigaon,tohear,jɔ̃,j ɔ̃,8303,,
648,Jerigaon,heavy,a-liː,a + l iː,8501,,
649,Jerigaon,tohide,uk,u k,8701,,
650,Jerigaon,tokill,ɔ,ɔ,8901,,
651,Jerigaon,horn,ʨʰɛŋ,tɕʰ ɛ ŋ,9101,,
652,Jerigaon,house,jan ~ jɛn,j a n,9301,,
653,Jerigaon,house,jan ~ jɛn,j ɛ n,9301,,
654,Jerigaon,in,a-lyŋ,a + l y ŋ,9502,,
655,Jerigaon,knee,la-pʰyk kriː,l a + pʰ y k + k r iː,9702,,
656,Jerigaon,toknow,dɛn,d ɛ n,9901,,
657,Jerigaon,tolaugh,zɛː,z ɛː,10101,,
658,Jerigaon,leaf,a-lɛ,a + l ɛ,10301,,
659,Jerigaon,legfoot,lɛ,l ɛ,10501,,
660,Jerigaon,liver,sɛ̃j ~ sɛ̃ĩ,s ɛ̃ j,10702,,
661,Jerigaon,liver,sɛ̃j ~ sɛ̃ĩ,s ɛ̃ ĩ,10702,,
662,Jerigaon,long,a-rɛŋ,a + r ɛ ŋ,10901,,
663,Jerigaon,louse,hɛ,h ɛ,11101,,
664,Jerigaon,moon,nam-blu,n a m + b l u,11301,,
665,Jerigaon,mouth,sɔː,s ɔː,11501,,
666,Jerigaon,name,a-ʥɛŋ,a + dʑ ɛ ŋ,11701,,
667,Jerigaon,navel,b-raː,b + r aː,11901,,
668,Jerigaon,new,ə-hɛn,ə + h ɛ n,12301,,
669,Jerigaon,nose,nə-pʰuŋ,n ə + pʰ u ŋ,12501,,
670,Jerigaon,not,bə-,b ə,12701,,
671,Jerigaon,oldofthings,a-mɛn,a + m ɛ n,12901,,
672,Jerigaon,one,hɛn,h ɛ n,13101,,
673,Jerigaon,path,hamu,h a m u,13301,,
674,Jerigaon,rain,nə-ʨʰu,n ə + tɕʰ u,13502,,
675,Jerigaon,red,ə-hɛk,ə + h ɛ k,13701,,
676,Jerigaon,root,i-hĩː,i + h ĩː,13903,,
677,Jerigaon,torun,lɛ ʔikʰɛn,l ɛ + ʔ i kʰ ɛ n,14104,,
678,Jerigaon,salt,huŋ,h u ŋ,14302,,
679,Jerigaon,sand,kʰ-pʰa,kʰ + pʰ a,14503,,
680,Jerigaon,tosay,ɛn,ɛ n,14701,,
681,Jerigaon,tosit,ʥɔː,dʑ ɔː,15101,,
682,Jerigaon,skinhide,s-kuk,s + k u k,15301,,
683,Jerigaon,tosleep,ʥiŋ,dʑ i ŋ,15501,,
684,Jerigaon,small,a-du-du,a + d u + d u,15702,,
685,Jerigaon,smoke,ba-kʰy,b a + kʰ y,15901,,
686,Jerigaon,stand,ʨʰĩː,tɕʰ ĩː,16101,,
687,Jerigaon,star,də-zyk,d ə + z y k,16302,,
688,Jerigaon,stonerock,lýŋ,l ý/y ŋ,16501,,
689,Jerigaon,sun,nə-nyː,n ə + n yː,16702,,
690,Jerigaon,sweet,a-blã,a + b l ã,16902,,
691,Jerigaon,tail,a-nɛʰ,a + n ɛʰ/ɛ,17101,,
692,Jerigaon,totake,tʰøː(n),tʰ øː,17301,,
693,Jerigaon,thick,a-tʰɛ,a + tʰ ɛ,17501,,
694,Jerigaon,this,tʰaː,tʰ aː,17702,,
695,Jerigaon,tongue,lɛː,l ɛː,17901,,
696,Jerigaon,tooth,nə-tʰyŋ,n ə + tʰ y ŋ,18101,,
697,Jerigaon,water,kʰɔː,kʰ ɔː,18301,,
698,Jerigaon,what,mə-tiː ja,m ə + t iː + j a,18504,,
699,Jerigaon,white,a-zãː,a + z ãː,18702,,
700,Jerigaon,who,niː,n iː,18901,,
701,Jerigaon,wind,nə-søn,n ə + s ø n,19101,,
702,Jerigaon,wing,ny-pʰaŋ,n y + pʰ a ŋ,19302,,
703,Jerigaon,woman,ʥə-my,dʑ ə + m y,19501,,
704,Jerigaon,wood,hiŋ,h i ŋ,19701,,
705,Jerigaon,yesterday,dy-jɔː,d y + j ɔː,19901,,
706,Khoina,1sg,gu,g u,101,,
707,Khoina,2sg,naŋ,n a ŋ,301,,
708,Khoina,3sg,laŋ-wa,l a ŋ + w a,501,,
709,Khoina,ant,ʂan-ʥɔk,ʂ a n + dʑ ɔ k,701,,
710,Khoina,armhand,ik,i k,902,,
711,Khoina,ash,ʥɐ-pʰluː,dʑ ɐ + pʰ l uː,1101,,
712,Khoina,big,a-dɔk,a + d ɔ k,1301,,
713,Khoina,bird,fu,f u,1501,,
714,Khoina,bitter,a-ʨʰak,a + tɕʰ a k,1901,,
715,Khoina,black,a-tʂʰũː,a + ʈʂʰ ũː,2101,,
716,Khoina,blood,xaː,x aː,2301,,
717,Khoina,bone,a-xyk,a + x y k,2501,,
718,Khoina,breast,nyŋ,n y ŋ,2702,,
719,Khoina,toburnit,haː,h aː,2901,,
720,Khoina,tocarryonback,byː,b yː,3101,,
721,Khoina,cloud,ɕ-tỹ,ɕ + t ỹ,3302,,
722,Khoina,tocryweep,tʂʰe,ʈʂʰ e,3501,,
723,Khoina,todie,iː,iː,3701,,
724,Khoina,todomake,ra,r a,3901,,
725,Khoina,dog,bə-tʰaː,b ə + tʰ aː,4101,,
726,Khoina,drink,lyŋ,l y ŋ,4302,,
727,Khoina,dry,ɔ-ɔ̃ː,ɔ + ɔ̃ː,4501,,
728,Khoina,ear,ga-tʰyŋ,g a + tʰ y ŋ,4701,,
729,Khoina,eat,ʦʰu,tsʰ u,4901,,
730,Khoina,egg,a-juŋ,a + j u ŋ,5103,,
731,Khoina,eye,ga-by,g a + b y,5301,,
732,Khoina,far,a-ʨʰɔ̃ː,a + tɕʰ ɔ̃ː,5502,,
733,Khoina,fat,a-jɔː,a + j ɔː,5701,,
734,Khoina,fingernail,ik-ʦiŋ,i k + ts i ŋ,5901,,
735,Khoina,fire,ba,b a,6101,,
736,Khoina,fish,nu,n u,6301,,
737,Khoina,fleshmeat,ʂu,ʂ u,6501,,
738,Khoina,tofly,ʦʰɛn,tsʰ ɛ n,6701,,
739,Khoina,full,a-pʰiŋ,a + pʰ i ŋ,6901,,
740,Khoina,togive,ʦʰi,tsʰ i,7101,,
741,Khoina,togo,rɔ,r ɔ,7302,,
742,Khoina,good,a-dʐa,a + d ʐ a,7501,,
743,Khoina,haironhead,gə-ʐaŋ,g ə + ʐ a ŋ,7701,,
744,Khoina,hard,a-xãŋ,a + x ã ŋ,7903,,
745,Khoina,head,mə-tʰɛ̃n,m ə + tʰ ɛ̃ n,8102,,
746,Khoina,tohear,jɔ̃,j ɔ̃,8303,,
747,Khoina,heavy,a-liː,a + l iː,8501,,
748,Khoina,tohide,uk,u k,8701,,
749,Khoina,tokill,ɔ,ɔ,8901,,
750,Khoina,horn,tʂʰajŋ,ʈʂʰ a j ŋ,9101,,
751,Khoina,house,jan,j a n,9301,,
752,Khoina,in,a-lyŋ,a + l y ŋ,9502,,
753,Khoina,knee,ja-pʰyk kraː,j a + pʰ y k + k r aː,9702,,
754,Khoina,toknow,dɛn,d ɛ n,9901,,
755,Khoina,tolaugh,ʐaː,ʐ aː,10101,,
756,Khoina,leaf,a-laʔ,a + l a ʔ,10301,,
757,Khoina,legfoot,la,l a,10501,,
758,Khoina,liver,də-ʨɛ̃ː,d ə + tɕ ɛ̃ː,10703,,
759,Khoina,long,a-rɛŋ,a + r ɛ ŋ,10901,,
760,Khoina,louse,xɛk,x ɛ k,11101,,
761,Khoina,moon,nam-blu,n a m + b l u,11301,,
762,Khoina,mouth,də-ʦʰɛː,d ə + tsʰ ɛː,11501,,
763,Khoina,name,a-ʣɛŋ,a + dz ɛ ŋ,11701,,
764,Khoina,navel,b-raː,b + r aː,11901,,
765,Khoina,neck,nə-tu-xĩː,n ə + t u + x ĩː,12101,,
766,Khoina,new,a-fɛn,a + f ɛ n,12301,,
767,Khoina,nose,nə-pʰuŋ,n ə + pʰ u ŋ,12501,,
768,Khoina,not,bə-,b ə,12701,,
769,Khoina,oldofthings,a-mɛn,a + m ɛ n,12901,,
770,Khoina,one,hɛn,h ɛ n,13101,,
771,Khoina,path,ham,h a m,13301,,
772,Khoina,rain,naː-ʦʰu,n aː + tsʰ u,13502,,
773,Khoina,red,a-xɛk,a + x ɛ k,13701,,
774,Khoina,root,a-xĩː,a + x ĩː,13903,,
775,Khoina,torun,ʦʰɔː,tsʰ ɔː,14102,,
776,Khoina,salt,hũː,h ũː,14302,,
777,Khoina,sand,gə-pʰa,g ə + pʰ a,14503,,
778,Khoina,tosay,ɛn,ɛ n,14701,,
779,Khoina,tosee,nɔ̃ː-ʨʰi,n ɔ̃ː + tɕʰ i,14902,,
780,Khoina,tosit,ʣɔː,dz ɔː,15101,,
781,Khoina,skinhide,ʂ-kʰuk,ʂ + kʰ u k,15301,,
782,Khoina,tosleep,ʣiŋ,dz i ŋ,15501,,
783,Khoina,small,a-ʥãn-du,a + dʑ ã n + d u,15703,,
784,Khoina,smoke,ba-kʰy,b a + kʰ y,15901,,
785,Khoina,stand,tʂʰĩː,ʈʂʰ ĩː,16101,,
786,Khoina,star,dy-ʐyk,d y + ʐ y k,16302,,
787,Khoina,stonerock,lýŋ,l ý/y ŋ,16501,,
788,Khoina,sun,naː-nyː,n aː + n yː,16702,,
789,Khoina,sweet,a-ʦĩː,a + ts ĩː,16907,,
790,Khoina,tail,a-naːʰ,a + n aː,17101,,
791,Khoina,totake,tʰøː,tʰ øː,17301,,
792,Khoina,thick,a-tʰɛ,a + tʰ ɛ,17501,,
793,Khoina,this,tʰaː,tʰ aː,17702,,
794,Khoina,tongue,laː,l aː,17901,,
795,Khoina,tooth,ny-tʰyŋ,n y + tʰ y ŋ,18101,,
796,Khoina,water,kʰɔː,kʰ ɔː,18301,,
797,Khoina,what,mə-tiː ja,m ə + t iː + j a,18504,,
798,Khoina,white,a-zãː,a + z ãː,18702,,
799,Khoina,who,niː,n iː,18901,,
800,Khoina,wind,na-søn,n a + s ø n,19101,,
801,Khoina,wing,ny-pʰaŋ,n y + pʰ a ŋ,19302,,
802,Khoina,woman,ʥə-my,dʑ ə + m y,19501,,
803,Khoina,wood,hiŋ,h i ŋ,19701,,
804,Khoina,yesterday,dy-jɔː,d y + j ɔː,19901,,
805,Dikhyang,1sg,koː,k oː,101,,
806,Dikhyang,2sg,nɔ̃,n ɔ̃,301,,
807,Dikhyang,3sg,oɛ,o ɛ,501,,
808,Dikhyang,ant,ɕi-ɲiŋ,ɕ i + ɲ i ŋ,702,,
809,Dikhyang,armhand,wat,w a t,903,,
810,Dikhyang,ash,sə-pʰiə,s ə + pʰ iə,1102,,
811,Dikhyang,big,ə-põː,ə + p õː,1302,,
812,Dikhyang,bird,fuə,f uə,1501,,
813,Dikhyang,bite,kʰrik,kʰ r i k,1702,,
814,Dikhyang,bitter,ə-kʰoː,ə + kʰ oː,1902,,
815,Dikhyang,black,ə-sai,ə + s ai,2102,,
816,Dikhyang,blood,ə-fuɛ,ə + f uɛ,2301,,
817,Dikhyang,bone,ə-sɛŋ ~ ə-zɛŋ,ə + s ɛ ŋ,2502,,
818,Dikhyang,bone,ə-sɛŋ ~ ə-zɛŋ,ə + z ɛ ŋ,2502,,
819,Dikhyang,breast,ɲeoː,ɲ eoː,2701,,
820,Dikhyang,toburnit,hõːe,h õːe,2901,,
821,Dikhyang,tocarryonback,hán,h á n,3102,,
822,Dikhyang,cloud,sə-kʰa-mau,s ə + kʰ a + m au,3303,,
823,Dikhyang,tocryweep,ʨõ,tɕ õ,3501,,
824,Dikhyang,todie,iː,iː,3701,,
825,Dikhyang,todomake,rjɛt,r j ɛ t,3901,,
826,Dikhyang,dog,ʨɔi,tɕ ɔi,4106,,
827,Dikhyang,drink,naŋ,n a ŋ,4303,,
828,Dikhyang,dry,ə-kau,ə + k au,4502,,
829,Dikhyang,ear,kʰɔ̃,kʰ ɔ̃,4702,,
830,Dikhyang,eat,ʦiə,ts iə,4902,,
831,Dikhyang,egg,ə-riː,ə + r iː,5105,,
832,Dikhyang,eye,miɛk ~ mjɛk,m iɛ k,5302,,
833,Dikhyang,eye,miɛk ~ mjɛk,m j ɛ k,5302,,
834,Dikhyang,far,rɛʔɛ ruaŋ,r ɛ ʔ ɛ + r ua ŋ,5501,,
835,Dikhyang,fat,ə-jou,ə + j ou,5701,,
836,Dikhyang,fingernail,bə-sɛn,b ə + s ɛ n,5901,,
837,Dikhyang,fire,boːɛ,b oːɛ,6101,,
838,Dikhyang,fish,ũə,ũə,6301,,
839,Dikhyang,fleshmeat,eː-ɕau ~ ə-ɕau,eː + ɕ au,6501,,
840,Dikhyang,fleshmeat,eː-ɕau ~ ə-ɕau,ə + ɕ au,6501,,
841,Dikhyang,tofly,mə-ʦo,m ə + ts o,6702,,
842,Dikhyang,full,ə-li-jeː,ə + l i + j eː,6902,,
843,Dikhyang,togive,pʰi,pʰ i,7101,,
844,Dikhyang,togo,wuə,w uə,7301,,
845,Dikhyang,good,ə-viə,ə + v iə,7503,,
846,Dikhyang,haironhead,kʰa-zijɔŋ,kʰ a + z i j ɔ ŋ,7701,,
847,Dikhyang,hard,ə-kɔŋ,ə + k ɔ ŋ,7903,,
848,Dikhyang,head,kʰruk,kʰ r u k,8101,,
849,Dikhyang,tohear,jɔi,j ɔi,8303,,
850,Dikhyang,heavy,ə-lai,ə + l ai,8501,,
851,Dikhyang,tohide,uk,u k,8701,,
852,Dikhyang,tokill,uːə,uːə,8901,,
853,Dikhyang,horn,ə-riɔŋ,ə + r iɔ ŋ,9102,,
854,Dikhyang,house,hõ,h õ,9302,,
855,Dikhyang,in,pʨʰau,p tɕʰ au,9503,,
856,Dikhyang,knee,laː-gjuŋ,l aː + g j u ŋ,9703,,
857,Dikhyang,toknow,ĩt,ĩ t,9902,,
858,Dikhyang,tolaugh,sjɔk,s j ɔ k,10102,,
859,Dikhyang,leaf,ə-rap,ə + r a p,10301,,
860,Dikhyang,legfoot,loɛ,l oɛ,10501,,
861,Dikhyang,liver,ə-pʰin,ə + pʰ i n,10702,,
862,Dikhyang,long,ə-pʰjaŋ,ə + pʰ j a ŋ,10902,,
863,Dikhyang,moon,haː-bieː,h aː + b ieː,11301,,
864,Dikhyang,mouth,siam,s ia m,11502,,
865,Dikhyang,name,ə-bɛŋ,ə + b ɛ ŋ,11701,,
866,Dikhyang,navel,bu-rui,b u + r ui,11901,,
867,Dikhyang,neck,raguŋ ju-ŋã,r a g u ŋ + j u + ŋ ã,12103,,
868,Dikhyang,new,ə-vɔ̃,ə + v ɔ̃,12302,,
869,Dikhyang,nose,ə-pʰuŋ,ə + pʰ u ŋ,12501,,
870,Dikhyang,oldofthings,ə-hɛk,ə + h ɛ k,12902,,
871,Dikhyang,one,ʦjɔ̃,ts j ɔ̃,13102,,
872,Dikhyang,path,ləmuə duə,l ə m uə + d uə,13301,,
873,Dikhyang,rain,haː-pʰiɛ,h aː + pʰ iɛ,13503,,
874,Dikhyang,red,ə-ɕɛk,ə + ɕ ɛ k,13701,,
875,Dikhyang,root,ə-rəŋ,ə + r ə ŋ,13904,,
876,Dikhyang,torun,ran,r a n,14103,,
877,Dikhyang,salt,sə-ruə,s ə + r uə,14303,,
878,Dikhyang,sand,baːli,b aː l i,14504,,
879,Dikhyang,tosay,jaː,j aː,14702,,
880,Dikhyang,tosee,gə-rak,g ə + r a k,14903,,
881,Dikhyang,tosit,duk,d u k,15102,,
882,Dikhyang,skinhide,eː-kʰuk,eː + kʰ u k,15301,,
883,Dikhyang,tosleep,mjɛn,m j ɛ n,15502,,
884,Dikhyang,small,ə-ti-dua,ə + t i + d ua,15701,,
885,Dikhyang,smoke,ba-kʰau,b a + kʰ au,15901,,
886,Dikhyang,stand,ʦai,ts ai,16102,,
887,Dikhyang,star,ʦaː-trɔŋ,ts aː + t r ɔ ŋ,16303,,
888,Dikhyang,stonerock,ləbau,l ə b au,16502,,
889,Dikhyang,sun,haː-nɛiŋ,h aː + n ɛi ŋ,16703,,
890,Dikhyang,sweet,pʰ-jɛŋ,pʰ + j ɛ ŋ,16901,,
891,Dikhyang,tail,ə-ɲui,ə + ɲ ui,17101,,
892,Dikhyang,totake,rijə,r i j ə,17302,,
893,Dikhyang,thick,ə-kʰla-bou,ə + kʰ l a + b ou,17502,,
894,Dikhyang,tongue,ryi,r yi,17901,,
895,Dikhyang,tooth,ɕiɲɛn,ɕ i ɲ ɛ n,18103,,
896,Dikhyang,water,kʰoː,kʰ oː,18301,,
897,Dikhyang,what,ɲujaː,ɲ u j aː,18505,,
898,Dikhyang,white,ə-mau,ə + m au,18703,,
899,Dikhyang,who,ha-ɲu,h a + ɲ u,18902,,
900,Dikhyang,wind,haː-saːm,h aː + s aː m,19101,,
901,Dikhyang,wing,ə-jik,ə + j i k,19303,,
902,Dikhyang,woman,bə-mi,b ə + m i,19501,,
903,Dikhyang,wood,hiŋ,h i ŋ,19701,,
904,Dikhyang,yesterday,di-jau,d i + j au,19901,,
905,Singchung,1sg,go,g o,101,,
906,Singchung,2sg,no,n o,301,,
907,Singchung,3sg,oe,oe,501,,
908,Singchung,ant,ʃiŋiŋ,ʃ i ŋ i ŋ,702,,
909,Singchung,armhand,wat,w a t,903,,
910,Singchung,ash,s-pije,s + p i j e,1102,,
911,Singchung,big,e-boᵘ,e + b oᵘ/o,1302,,
912,Singchung,bird,fua,f ua,1501,,
913,Singchung,bite,tʰok-mage,tʰ o k + m a g e,1703,,
914,Singchung,bitter,kʰoᵘ,kʰ oᵘ/o,1902,,
915,Singchung,black,e-saⁱ,e + s aⁱ/ai,2102,,
916,Singchung,blood,e-fua,e + f ua,2301,,
917,Singchung,bone,e-zeŋ,e + z e ŋ,2502,,
918,Singchung,breast,ɲeoː,ɲ eoː,2701,,
919,Singchung,toburnit,ʃuⁱt,ʃ uⁱ/u t,2902,,
920,Singchung,cloud,s-kə-moᵘ,s + k ə + m oᵘ/o,3303,,
921,Singchung,tocryweep,ʧo-ma-ge,tʃ o + m a + g e,3501,,
922,Singchung,todie,i-da,i + d a,3701,,
923,Singchung,todomake,ret-ma-ge,r e t + m a + g e,3901,,
924,Singchung,dog,ʧi,tʃ i,4106,,
925,Singchung,drink,kʰo-ŋaŋ,kʰ o + ŋ a ŋ,4303,,
926,Singchung,dry,e-gaᵘ,e + g aᵘ/a,4502,,
927,Singchung,ear,kʰõ,kʰ õ,4702,,
928,Singchung,eat,ʧə-mut,tʃ ə + m u t,4902,,
929,Singchung,egg,kʰe-re,kʰ e + r e,5105,,
930,Singchung,eye,mi-jak,m i + j a k,5302,,
931,Singchung,far,rᵘaŋ,r ᵘ/w a ŋ,5501,,
932,Singchung,fat,e-ju,e + j u,5701,,
933,Singchung,fingernail,bə-sen,b ə + s e n,5901,,
934,Singchung,fire,boᵉ,b oᵉ/o,6101,,
935,Singchung,fish,ūa,ūa,6301,,
936,Singchung,fleshmeat,e-pije,e + p i j e,6502,,
937,Singchung,tofly,kʰe-ma-ge,kʰ e + m a + g e,6703,,
938,Singchung,full,li-ja,l i + j a,6902,,
939,Singchung,togive,pʰi-mage,pʰ i + m a g e,7101,,
940,Singchung,togo,lua,l ua,7303,,
941,Singchung,good,a-vije,a + v i j e,7503,,
942,Singchung,haironhead,kʰa-zijaŋ,kʰ a + z i j a ŋ,7701,,
943,Singchung,head,kʰɾuk,kʰ ɾ u k,8101,,
944,Singchung,tohear,nu va-ma-ge,n u + v a + m a + g e,8304,,
945,Singchung,heavy,laⁱ,l aⁱ/ai,8501,,
946,Singchung,tokill,wa-ma-ge,w a + m a + g e,8901,,
947,Singchung,horn,e-rijaŋ,e + r i j a ŋ,9102,,
948,Singchung,house,hõ,h õ,9302,,
949,Singchung,knee,lə-spau,l ə + s p au,9704,,
950,Singchung,toknow,tʰek-ma-ge,tʰ e k + m a + g e,9903,,
951,Singchung,tolaugh,ʧijo,tʃ i j o,10102,,
952,Singchung,leaf,e-rap,e + r a p,10301,,
953,Singchung,legfoot,loᵉ,l oᵉ/o,10501,,
954,Singchung,long,pʰijaŋ,pʰ i j a ŋ,10902,,
955,Singchung,moon,ha-bije,h a + b i j e,11301,,
956,Singchung,mouth,s-pʰun,s + pʰ u n,11503,,
957,Singchung,name,e-beŋ,e + b e ŋ,11701,,
958,Singchung,neck,e-jua,e + j ua,12103,,
959,Singchung,new,o-voᵘ,o + v oᵘ/o,12302,,
960,Singchung,nose,e-pʰuŋ,e + pʰ u ŋ,12501,,
961,Singchung,oldofthings,e-he,e + h e,12902,,
962,Singchung,one,ʤijo,dʒ i j o,13102,,
963,Singchung,path,ləmua,l ə m ua,13301,,
964,Singchung,rain,ha-pʰije,h a + pʰ i j e,13503,,
965,Singchung,red,e-ʃaik,e + ʃ ai k,13701,,
966,Singchung,root,e-raŋ,e + r a ŋ,13904,,
967,Singchung,salt,su-ruwa,s u + r u w a,14303,,
968,Singchung,sand,bali,b a l i,14504,,
969,Singchung,tosay,je-ma-ge,j e + m a + g e,14702,,
970,Singchung,tosee,rək-ma-ge,r ə k + m a + g e,14903,,
971,Singchung,tosit,duk-ma,d u k + m a,15102,,
972,Singchung,skinhide,e-kʰuk,e + kʰ u k,15301,,
973,Singchung,tosleep,mijen-ma-ge,m i j e n + m a + g e,15502,,
974,Singchung,small,ẽeᵘ,ẽeᵘ/ẽu,15704,,
975,Singchung,smoke,boᵉ-kʰaᵘ,b oᵉ/o + kʰ aᵘ/a,15901,,
976,Singchung,stand,riᵒ-ma,r iᵒ/i + m a,16103,,
977,Singchung,star,sa-dijoŋ,s a + d i j o ŋ,16303,,
978,Singchung,stonerock,labaᵘ,l a b aᵘ/a,16502,,
979,Singchung,sun,ha-naⁱ,h a + n aⁱ/ai,16703,,
980,Singchung,sweet,pʰi-jam,pʰ i + j a m,16901,,
981,Singchung,tail,e-ɲoⁱ,e + ɲ oⁱ/o,17101,,
982,Singchung,totake,tʰa-rija-ma-ge,tʰ a + r i j a + m a + g e,17302,,
983,Singchung,this,e-hihi,e + h i h i,17703,,
984,Singchung,tongue,iri,i r i,17901,,
985,Singchung,tooth,ʃiniŋ,ʃ i n i ŋ,18103,,
986,Singchung,water,kʰo,kʰ o,18301,,
987,Singchung,what,niwka,n i w k a,18505,,
988,Singchung,white,e-moᵘ,e + m oᵘ/o,18703,,
989,Singchung,who,ha-niju,h a + n i j u,18902,,
990,Singchung,wind,ha-sam,h a + s a m,19101,,
991,Singchung,woman,di-mi,d i + m i,19501,,
992,Singchung,wood,hiŋ,h i ŋ,19701,,
993,Singchung,yesterday,di-jo,d i + j o,19901,,
994,Wangho,1sg,ko,k o,101,,
995,Wangho,2sg,no,n o,301,,
996,Wangho,3sg,we,w e,501,,
997,Wangho,ant,ʃiŋiŋ,ʃ i ŋ i ŋ,702,,
998,Wangho,armhand,wat,w a t,903,,
999,Wangho,ash,s-pije,s + p i j e,1102,,
1000,Wangho,big,e-boᵘ,e + b oᵘ/o,1302,,
1001,Wangho,bird,fua,f ua,1501,,
1002,Wangho,bite,kʰrik,kʰ r i k,1702,,
1003,Wangho,bitter,ekʰoᵘ,e kʰ oᵘ/o,1902,,
1004,Wangho,black,e-saⁱ,e + s aⁱ/ai,2102,,
1005,Wangho,blood,e-fua,e + f ua,2301,,
1006,Wangho,bone,e-zak,e + z a k,2502,,
1007,Wangho,breast,ɲeoː,ɲ eoː,2701,,
1008,Wangho,toburnit,haᵘ,h aᵘ/a,2901,,
1009,Wangho,cloud,s-kə-moᵘ,s + k ə + m oᵘ/o,3303,,
1010,Wangho,tocryweep,ʧo,tʃ o,3501,,
1011,Wangho,todie,iⁱ,iⁱ/i,3701,,
1012,Wangho,todomake,ret,r e t,3901,,
1013,Wangho,dog,ʧaⁱ,tʃ aⁱ/ai,4106,,
1014,Wangho,drink,naŋ,n a ŋ,4303,,
1015,Wangho,dry,e-kaᵘ,e + k aᵘ/a,4502,,
1016,Wangho,ear,kʰõ,kʰ õ,4702,,
1017,Wangho,eat,ʧə-mut,tʃ ə + m u t,4902,,
1018,Wangho,egg,kʰe-re,kʰ e + r e,5105,,
1019,Wangho,eye,mi-jak,m i + j a k,5302,,
1020,Wangho,far,ruwaŋ,r u w a ŋ,5501,,
1021,Wangho,fat,e-ju,e + j u,5701,,
1022,Wangho,fingernail,pə-ʧi-jat,p ə + tʃ i + j a t,5901,,
1023,Wangho,fire,boᵉ,b oᵉ/o,6101,,
1024,Wangho,fish,ūa,ūa,6301,,
1025,Wangho,fleshmeat,e-pije,e + p i j e,6502,,
1026,Wangho,tofly,kʰeⁱ,kʰ eⁱ/e,6703,,
1027,Wangho,full,e-li-ja,e + l i + j a,6902,,
1028,Wangho,togive,pʰi,pʰ i,7101,,
1029,Wangho,togo,və-wa,v ə + w a,7301,,
1030,Wangho,good,a-vije,a + v i j e,7503,,
1031,Wangho,haironhead,kʰa-zijaᵘ,kʰ a + z i j aᵘ/a,7701,,
1032,Wangho,head,ki-ja-tuŋ,k i + j a + t u ŋ,8103,,
1033,Wangho,tohear,nū-a,n ū/u + a,8304,,
1034,Wangho,heavy,e-laⁱ,e + l aⁱ/ai,8501,,
1035,Wangho,tokill,ua,ua,8901,,
1036,Wangho,horn,e-rijok,e + r i j o k,9102,,
1037,Wangho,house,hõ,h õ,9302,,
1038,Wangho,knee,la-kijuŋ,l a + k i j u ŋ,9703,,
1039,Wangho,toknow,īt,ī/i t,9902,,
1040,Wangho,tolaugh,ʧijo,tʃ i j o,10102,,
1041,Wangho,leaf,rap,r a p,10301,,
1042,Wangho,legfoot,luᵉ,l uᵉ/ue,10501,,
1043,Wangho,long,e-pʰijam,e + pʰ i j a m,10902,,
1044,Wangho,moon,habije,h a b i j e,11301,,
1045,Wangho,mouth,ʃijam,ʃ i j a m,11502,,
1046,Wangho,name,e-beŋ,e + b e ŋ,11701,,
1047,Wangho,neck,ja-pu,j a + p u,12103,,
1048,Wangho,new,e-voŋ,e + v o ŋ,12302,,
1049,Wangho,nose,e-pʰuŋ,e + pʰ u ŋ,12501,,
1050,Wangho,oldofthings,e-hek,e + h e k,12902,,
1051,Wangho,one,ʧo,tʃ o,13102,,
1052,Wangho,path,ləmua,l ə m ua,13301,,
1053,Wangho,rain,ha-pʰije,h a + pʰ i j e,13503,,
1054,Wangho,red,e-ʃek,e + ʃ e k,13701,,
1055,Wangho,root,e-raŋ,e + r a ŋ,13904,,
1056,Wangho,salt,su-ruwa,s u + r u w a,14303,,
1057,Wangho,sand,bali,b a l i,14504,,
1058,Wangho,tosay,je,j e,14702,,
1059,Wangho,tosee,rək,r ə k,14903,,
1060,Wangho,tosit,tuk,t u k,15102,,
1061,Wangho,skinhide,e-kʰuk,e + kʰ u k,15301,,
1062,Wangho,tosleep,mijen,m i j e n,15502,,
1063,Wangho,small,e-juŋ,e + j u ŋ,15704,,
1064,Wangho,smoke,bu-kʰu,b u + kʰ u,15901,,
1065,Wangho,stand,riᵒ,r iᵒ/io,16103,,
1066,Wangho,star,sa-tijoŋ,s a + t i j o ŋ,16303,,
1067,Wangho,stonerock,labaᵘ,l a b aᵘ/a,16502,,
1068,Wangho,sun,ha-neⁱŋ,h a + n eⁱ/e ŋ,16703,,
1069,Wangho,sweet,pʰi-jaŋ,pʰ i + j a ŋ,16901,,
1070,Wangho,tail,e-ɲoⁱ,e + ɲ oⁱ/o,17101,,
1071,Wangho,totake,ɹije,ɹ i j e,17302,,
1072,Wangho,this,he-pʰomono,h e + pʰ o m o n o,17703,,
1073,Wangho,tongue,ri,r i,17901,,
1074,Wangho,tooth,ʃinijat,ʃ i n i j a t,18103,,
1075,Wangho,water,kʰoᵘ,kʰ oᵘ/o,18301,,
1076,Wangho,what,niw,n i w,18505,,
1077,Wangho,white,e-moŋ,e + m o ŋ,18703,,
1078,Wangho,who,ha-ŋuŋ,h a + ŋ u ŋ,18902,,
1079,Wangho,wind,ha-sam,h a + s a m,19101,,
1080,Wangho,woman,bi-mi,b i + m i,19501,,
1081,Wangho,wood,hiŋ,h i ŋ,19701,,
1082,Wangho,yesterday,di-jo,d i + j o,19901,,
1083,Bichom,1sg,go ~ gu,g o,101,,
1084,Bichom,1sg,go ~ gu,g u,101,,
1085,Bichom,2sg,no,n o,301,,
1086,Bichom,3sg,uwe,u w e,501,,
1087,Bichom,ant,siiŋ,s iː ŋ,702,,
1088,Bichom,armhand,wat,w a t,903,,
1089,Bichom,ash,s-pije,s + p i j e,1102,,
1090,Bichom,big,boᵘ,b oᵘ/o,1302,,
1091,Bichom,bird,fua,f ua,1501,,
1092,Bichom,bite,tʰok-pʰa,tʰ o k + pʰ a,1703,,
1093,Bichom,bitter,kʰoᵘ,kʰ oᵘ/o,1902,,
1094,Bichom,black,e-saⁱ/soⁱ,e + s aⁱ/ai,2102,,
1095,Bichom,black,e-saⁱ/soⁱ,s oⁱ/o,2102,,
1096,Bichom,blood,e-fua,e + f ua,2301,,
1097,Bichom,bone,e-zeŋ,e + z e ŋ,2502,,
1098,Bichom,breast,niw,n i w,2701,,
1099,Bichom,toburnit,fũp-pʰa,f ũ p + pʰ a,2903,,
1100,Bichom,cloud,ʧa-ka-maŋ,tʃ a + k a + m a ŋ,3303,,
1101,Bichom,tocryweep,ʧoa-pʰa,tʃ oa + pʰ a,3501,,
1102,Bichom,todie,i-pʰa,i + pʰ a,3701,,
1103,Bichom,todomake,reʔ-pʰa,r e ʔ + pʰ a,3901,,
1104,Bichom,dog,ʧoⁱ,tʃ oⁱ/o,4106,,
1105,Bichom,drink,naŋ-pʰa,n a ŋ + pʰ a,4303,,
1106,Bichom,dry,e-gaᵘ,e + g aᵘ/a,4502,,
1107,Bichom,ear,kʰõ,kʰ õ,4702,,
1108,Bichom,eat,ʧə-mut,tʃ ə + m u t,4902,,
1109,Bichom,egg,e-ri,e + r i,5105,,
1110,Bichom,eye,mi-jak,m i + j a k,5302,,
1111,Bichom,far,rᵘaŋ,r ᵘ/w a ŋ,5501,,
1112,Bichom,fat,e-ju,e + j u,5701,,
1113,Bichom,fingernail,bə-sen,b ə + s e n,5901,,
1114,Bichom,fire,boᵉ,b oᵉ/o,6101,,
1115,Bichom,fish,u-ŋa,u + ŋ a,6301,,
1116,Bichom,fleshmeat,e-bije,e + b i j e,6502,,
1117,Bichom,tofly,kʰeⁱ,kʰ eⁱ/e,6703,,
1118,Bichom,full,leⁱ,l eⁱ/e,6902,,
1119,Bichom,togive,pʰi-pʰa,pʰ i + pʰ a,7101,,
1120,Bichom,togo,tʰe-vəə,tʰ e + v əː,7301,,
1121,Bichom,good,a-vije,a + v i j e,7503,,
1122,Bichom,haironhead,kʰa-zijaŋ,kʰ a + z i j a ŋ,7701,,
1123,Bichom,head,kʰɾuk,kʰ ɾ u k,8101,,
1124,Bichom,tohear,joⁱ-pʰa,j oⁱ/o + pʰ a,8303,,
1125,Bichom,heavy,laⁱ,l aⁱ/ai,8501,,
1126,Bichom,tokill,ua-pʰa,u a + pʰ a,8901,,
1127,Bichom,horn,e-rijaŋ,e + r i j a ŋ,9102,,
1128,Bichom,house,hõ,h õ,9302,,
1129,Bichom,knee,lə-spau,l ə + s p au,9704,,
1130,Bichom,toknow,tʰe-jak-pa,tʰ e + j a k + p a,9903,,
1131,Bichom,tolaugh,ʃijaʔ,ʃ i j a ʔ,10102,,
1132,Bichom,leaf,rap,r a p,10301,,
1133,Bichom,legfoot,luᵉ,l uᵉ/ue,10501,,
1134,Bichom,long,pʰijaŋ,pʰ i j a ŋ,10902,,
1135,Bichom,moon,ha-bije,h a + b i j e,11301,,
1136,Bichom,mouth,sem,s e m,11502,,
1137,Bichom,name,e-beŋ,e + b e ŋ,11701,,
1138,Bichom,neck,e-jua,e + j ua,12103,,
1139,Bichom,new,e-wã,e + w ã,12302,,
1140,Bichom,nose,e-pʰuŋ,e + pʰ u ŋ,12501,,
1141,Bichom,oldofthings,e-hek,e + h e k,12902,,
1142,Bichom,one,ʤijo,dʒ i j o,13102,,
1143,Bichom,path,ləmua,l ə m ua,13301,,
1144,Bichom,rain,ha-pʰije,h a + pʰ i j e,13503,,
1145,Bichom,red,e-ʃaik,e + ʃ ai k,13701,,
1146,Bichom,root,e-raŋ,e + r a ŋ,13904,,
1147,Bichom,salt,su-rəja,s u + r ə j a,14303,,
1148,Bichom,sand,bali,b a l i,14504,,
1149,Bichom,tosay,je-pʰa,j e + pʰ a,14702,,
1150,Bichom,tosee,rəg,r ə g,14903,,
1151,Bichom,tosit,duk,d u k,15102,,
1152,Bichom,skinhide,e-kʰuk,e + kʰ u k,15301,,
1153,Bichom,tosleep,mijan-pʰa,m i j a n + pʰ a,15502,,
1154,Bichom,small,e-juŋ,e + j u ŋ,15704,,
1155,Bichom,smoke,bam-kʰam,b a m + kʰ a m,15901,,
1156,Bichom,stand,riᵒ,r iᵒ/io,16103,,
1157,Bichom,star,ta-dijaŋ,t a + d i j a ŋ,16303,,
1158,Bichom,stonerock,labaᵘ,l a b aᵘ/a,16502,,
1159,Bichom,sun,ha-naⁱ,h a + n aⁱ/ai,16703,,
1160,Bichom,sweet,pʰi-jaŋ,pʰ i + j a ŋ,16901,,
1161,Bichom,tail,e-ɲoⁱ,e + ɲ oⁱ/o,17101,,
1162,Bichom,totake,ɹeⁱ-pʰa,ɹ eⁱ/e + pʰ a,17302,,
1163,Bichom,this,he-pʰomono,h e + pʰ o m o n o,17703,,
1164,Bichom,tongue,ri,r i,17901,,
1165,Bichom,tooth,ʃinijat,ʃ i n i j a t,18103,,
1166,Bichom,water,kʰoᵘ,kʰ oᵘ/o,18301,,
1167,Bichom,what,niw,n i w,18505,,
1168,Bichom,white,e-moᵘ,e + m oᵘ/o,18703,,
1169,Bichom,who,ha-niju,h a + n i j u,18902,,
1170,Bichom,wind,a-ʃam,a + ʃ a m,19101,,
1171,Bichom,woman,bi-mi,b i + m i,19501,,
1172,Bichom,wood,hiŋ,h i ŋ,19701,,
1173,Bichom,yesterday,di-jo,d i + j o,19901,,
1174,Kaspi,1sg,gu,g u,101,,
1175,Kaspi,2sg,no,n o,301,,
1176,Kaspi,3sg,tʰe,tʰ e,502,,
1177,Kaspi,ant,ʃiŋiŋ,ʃ i ŋ i ŋ,702,,
1178,Kaspi,armhand,wat,w a t,903,,
1179,Kaspi,ash,s-pije,s + p i j e,1102,,
1180,Kaspi,big,boᵘ,b oᵘ/o,1302,,
1181,Kaspi,bird,fo,f o,1501,,
1182,Kaspi,bite,ʧi-pʰa,tʃ i + pʰ a,1704,,
1183,Kaspi,bitter,kʰoᵘ,kʰ oᵘ/o,1902,,
1184,Kaspi,black,soⁱ,s oⁱ/o,2102,,
1185,Kaspi,blood,nə-faⁱ,n ə + f aⁱ/ai,2301,,
1186,Kaspi,bone,ni-zeŋ,n i + z e ŋ,2502,,
1187,Kaspi,breast,dut,d u t,2705,,
1188,Kaspi,toburnit,ʤi-jo-pʰa,dʒ i + j o + pʰ a,2904,,
1189,Kaspi,cloud,ʧa-ka-maŋ,tʃ a + k a + m a ŋ,3303,,
1190,Kaspi,tocryweep,ʧoa-pʰa,tʃ oa + pʰ a,3501,,
1191,Kaspi,todie,i-dən,i + d ə n,3701,,
1192,Kaspi,todomake,reⁱ-pʰa,r eⁱ/e + pʰ a,3901,,
1193,Kaspi,dog,ʧoⁱ,tʃ oⁱ/o,4106,,
1194,Kaspi,drink,naŋ-pʰa,n a ŋ + pʰ a,4303,,
1195,Kaspi,dry,goᵘ,g oᵘ/o,4502,,
1196,Kaspi,ear,kʰõ,kʰ õ,4702,,
1197,Kaspi,eat,ʧə-mut,tʃ ə + m u t,4902,,
1198,Kaspi,egg,kʰe-re,kʰ e + r e,5105,,
1199,Kaspi,eye,mi-je,m i + j e,5302,,
1200,Kaspi,far,rᵘaŋ,r ᵘ/w a ŋ,5501,,
1201,Kaspi,fat,e-jo,e + j o,5701,,
1202,Kaspi,fingernail,pə̌-sen,p ə̌/ə + s e n,5901,,
1203,Kaspi,fire,baⁱ,b aⁱ/ai,6101,,
1204,Kaspi,fish,ūa,ūa,6301,,
1205,Kaspi,fleshmeat,mə-bi,m ə + b i,6502,,
1206,Kaspi,tofly,kʰeŋ-pʰa,kʰ e ŋ + pʰ a,6703,,
1207,Kaspi,full,leⁱ,l eⁱ/e,6902,,
1208,Kaspi,togive,pʰi-pʰa,pʰ i + pʰ a,7101,,
1209,Kaspi,togo,dun,d u n,7304,,
1210,Kaspi,good,a-vije,a + v i j e,7503,,
1211,Kaspi,haironhead,kʰa-zijaŋ,kʰ a + z i j a ŋ,7701,,
1212,Kaspi,head,kʰɾuk,kʰ ɾ u k,8101,,
1213,Kaspi,tohear,nu-a-pʰa,n u + a + pʰ a,8304,,
1214,Kaspi,heavy,laⁱ,l aⁱ/ai,8501,,
1215,Kaspi,tokill,ua-pʰa,u a + pʰ a,8901,,
1216,Kaspi,horn,e-rijaŋ,e + r i j a ŋ,9102,,
1217,Kaspi,house,hõ,h õ,9302,,
1218,Kaspi,knee,la-gijoŋ,l a + g i j o ŋ,9703,,
1219,Kaspi,toknow,it-pʰat,i t + pʰ a t,9902,,
1220,Kaspi,tolaugh,seʔ,s e ʔ,10102,,
1221,Kaspi,leaf,rap,r a p,10301,,
1222,Kaspi,legfoot,laⁱ,l aⁱ/ai,10501,,
1223,Kaspi,long,pʰijaŋ,pʰ i j a ŋ,10902,,
1224,Kaspi,moon,ha-bije,h a + b i j e,11301,,
1225,Kaspi,mouth,sem,s e m,11502,,
1226,Kaspi,name,e-beŋ,e + b e ŋ,11701,,
1227,Kaspi,neck,jua,j ua,12103,,
1228,Kaspi,new,m-vəo,m + v əo,12302,,
1229,Kaspi,nose,e-pʰuŋ,e + pʰ u ŋ,12501,,
1230,Kaspi,oldofthings,e-hek,e + h e k,12902,,
1231,Kaspi,one,ʤe,dʒ e,13103,,
1232,Kaspi,path,ləmua,l ə m ua,13301,,
1233,Kaspi,rain,ha-pʰije,h a + pʰ i j e,13503,,
1234,Kaspi,red,ʃeⁱ,ʃ eⁱ/e,13701,,
1235,Kaspi,root,e-raŋ,e + r a ŋ,13904,,
1236,Kaspi,salt,su-ɹe,s u + ɹ e,14303,,
1237,Kaspi,sand,bali,b a l i,14504,,
1238,Kaspi,tosay,si-pʰa,s i + pʰ a,14703,,
1239,Kaspi,tosee,rek-pʰa,r e k + pʰ a,14903,,
1240,Kaspi,tosit,dək-mu,d ə k + m u,15102,,
1241,Kaspi,skinhide,e-kʰuk,e + kʰ u k,15301,,
1242,Kaspi,tosleep,men,m e n,15502,,
1243,Kaspi,small,e-juŋ,e + j u ŋ,15704,,
1244,Kaspi,smoke,baiŋ-kʰam,b ai ŋ + kʰ a m,15901,,
1245,Kaspi,stand,ʤoi,dʒ oi,16102,,
1246,Kaspi,star,la-dijaŋ,l a + d i j a ŋ,16303,,
1247,Kaspi,stonerock,labaᵘ,l a b aᵘ/a,16502,,
1248,Kaspi,sun,ha-naⁱ,h a + n aⁱ/ai,16703,,
1249,Kaspi,sweet,pʰi-jaŋ,pʰ i + j a ŋ,16901,,
1250,Kaspi,tail,e-ɲoⁱ,e + ɲ oⁱ/o,17101,,
1251,Kaspi,totake,je-pʰa,j e + pʰ a,17302,,
1252,Kaspi,this,he-pʰomono,h e + pʰ o m o n o,17703,,
1253,Kaspi,tongue,ri,r i,17901,,
1254,Kaspi,tooth,ʃiniŋ,ʃ i n i ŋ,18103,,
1255,Kaspi,water,kʰoᵘ,kʰ oᵘ/o,18301,,
1256,Kaspi,what,nije,n i j e,18505,,
1257,Kaspi,white,mõᵘ,m õᵘ/õu,18703,,
1258,Kaspi,who,ha-niju,h a + n i j u,18902,,
1259,Kaspi,wind,ha-sam,h a + s a m,19101,,
1260,Kaspi,woman,hõa-mu,h õa + m u,19502,,
1261,Kaspi,wood,hiŋ,h i ŋ,19701,,
1262,Kaspi,yesterday,tʰə-mi-jaŋ,tʰ ə + m i + j a ŋ,19904,,
1263,Namphri,1sg,go,g o,101,,
1264,Namphri,2sg,no,n o,301,,
1265,Namphri,3sg,oe,oe,501,,
1266,Namphri,ant,ʃiŋiŋ,ʃ i ŋ i ŋ,702,,
1267,Namphri,armhand,wat,w a t,903,,
1268,Namphri,ash,s-pije,s + p i j e,1102,,
1269,Namphri,big,boᵘ,b oᵘ/o,1302,,
1270,Namphri,bird,fua,f ua,1501,,
1271,Namphri,bite,tʰok-pʰa,tʰ o k + pʰ a,1703,,
1272,Namphri,bitter,e-kʰoᵘ,e + kʰ oᵘ/o,1902,,
1273,Namphri,black,e-sui,e + s ui,2102,,
1274,Namphri,blood,mə-faⁱ,m ə + f aⁱ/ai,2301,,
1275,Namphri,bone,e-zeŋ,e + z e ŋ,2502,,
1276,Namphri,breast,niw,n i w,2701,,
1277,Namphri,toburnit,fu-pʰa,f u + pʰ a,2903,,
1278,Namphri,cloud,ʧa-ka-maŋ,tʃ a + k a + m a ŋ,3303,,
1279,Namphri,tocryweep,ʧo,tʃ o,3501,,
1280,Namphri,todie,i-dun,i + d u n,3701,,
1281,Namphri,todomake,ɾap-pʰa,ɾ a p + pʰ a,3901,,
1282,Namphri,dog,ʧoⁱ,tʃ oⁱ/o,4106,,
1283,Namphri,drink,naŋ,n a ŋ,4303,,
1284,Namphri,dry,nə-gou,n ə + g ou,4502,,
1285,Namphri,ear,kʰõ,kʰ õ,4702,,
1286,Namphri,eat,ʧə-mut,tʃ ə + m u t,4902,,
1287,Namphri,egg,kʰe-re,kʰ e + r e,5105,,
1288,Namphri,eye,mi-jak,m i + j a k,5302,,
1289,Namphri,far,rᵘaŋ,r ᵘ/w a ŋ,5501,,
1290,Namphri,fat,e-jo,e + j o,5701,,
1291,Namphri,fingernail,pə-ʃen,p ə + ʃ e n,5901,,
1292,Namphri,fire,boᵉ,b oᵉ/o,6101,,
1293,Namphri,fish,u-ŋə̄,u + ŋ ə̄/ə,6301,,
1294,Namphri,fleshmeat,e-bei,e + b ei,6502,,
1295,Namphri,tofly,kʰeⁱ-pʰa,kʰ eⁱ/e + pʰ a,6703,,
1296,Namphri,full,eleⁱ,e l eⁱ/e,6902,,
1297,Namphri,togive,pʰi,pʰ i,7101,,
1298,Namphri,togo,vəo-pʰa,v əo + pʰ a,7301,,
1299,Namphri,good,a-vije,a + v i j e,7503,,
1300,Namphri,haironhead,kʰa-zijaŋ,kʰ a + z i j a ŋ,7701,,
1301,Namphri,head,kʰɾuk,kʰ ɾ u k,8101,,
1302,Namphri,tohear,joⁱ,j oⁱ/o,8303,,
1303,Namphri,heavy,e-laⁱ,e + l aⁱ/ai,8501,,
1304,Namphri,tokill,ua,ua,8901,,
1305,Namphri,horn,e-rijaŋ,e + r i j a ŋ,9102,,
1306,Namphri,house,hõ,h õ,9302,,
1307,Namphri,knee,la-gijoŋ,l a + g i j o ŋ,9703,,
1308,Namphri,toknow,it-pʰa,i t + pʰ a,9902,,
1309,Namphri,tolaugh,ʃeʔ-pʰa,ʃ e ʔ + pʰ a,10102,,
1310,Namphri,leaf,rap,r a p,10301,,
1311,Namphri,legfoot,laⁱ,l aⁱ/ai,10501,,
1312,Namphri,long,e-pʰijam,e + pʰ i j a m,10902,,
1313,Namphri,moon,ha-bije,h a + b i j e,11301,,
1314,Namphri,mouth,sem,s e m,11502,,
1315,Namphri,name,e-beŋ,e + b e ŋ,11701,,
1316,Namphri,neck,jua,j ua,12103,,
1317,Namphri,new,e-vo,e + v o,12302,,
1318,Namphri,nose,e-pʰuŋ,e + pʰ u ŋ,12501,,
1319,Namphri,oldofthings,e-hek,e + h e k,12902,,
1320,Namphri,one,ʤe,dʒ e,13103,,
1321,Namphri,path,ləmua,l ə m ua,13301,,
1322,Namphri,rain,ha-pʰije,h a + pʰ i j e,13503,,
1323,Namphri,red,e-ʃaik,e + ʃ ai k,13701,,
1324,Namphri,root,e-raŋ,e + r a ŋ,13904,,
1325,Namphri,salt,su-ruwa,s u + r u w a,14303,,
1326,Namphri,sand,bali,b a l i,14504,,
1327,Namphri,tosay,jo-pʰa,j o + pʰ a,14704,,
1328,Namphri,tosee,rək,r ə k,14903,,
1329,Namphri,tosit,duk-ma-ge,d u k + m a + g e,15102,,
1330,Namphri,skinhide,e-kʰuk,e + kʰ u k,15301,,
1331,Namphri,tosleep,men-pʰa,m e n + pʰ a,15502,,
1332,Namphri,small,iu,iu,15704,,
1333,Namphri,smoke,boᵉ-mo-kʰəm,b oᵉ/o + m o + kʰ ə m,15901,,
1334,Namphri,stand,ʤai-ma-ge,dʒ ai + m a + g e,16102,,
1335,Namphri,star,ta-dijaŋ,t a + d i j a ŋ,16303,,
1336,Namphri,stonerock,lubu,l u b u,16502,,
1337,Namphri,sun,ha-naⁱ,h a + n aⁱ/ai,16703,,
1338,Namphri,sweet,pʰi-jaŋ,pʰ i + j a ŋ,16901,,
1339,Namphri,tail,e-ɲoⁱ,e + ɲ oⁱ/o,17101,,
1340,Namphri,totake,lije,l i j e,17302,,
1341,Namphri,this,ʤije,dʒ i j e,17704,,
1342,Namphri,tongue,ri,r i,17901,,
1343,Namphri,tooth,ʃiniŋ,ʃ i n i ŋ,18103,,
1344,Namphri,water,kʰoᵘ,kʰ oᵘ/o,18301,,
1345,Namphri,what,ɲijaga,ɲ i j a g a,18505,,
1346,Namphri,white,e-moŋ,e + m o ŋ,18703,,
1347,Namphri,who,ha-niju,h a + n i j u,18902,,
1348,Namphri,wind,ha-sam,h a + s a m,19101,,
1349,Namphri,woman,hõa-mua,h õa + m ua,19502,,
1350,Namphri,wood,hiŋ,h i ŋ,19701,,
1351,Namphri,yesterday,di-jo,d i + j o,19901,,
1352,Bulu,1sg,guː,g uː,101,,
1353,Bulu,2sg,naː,n aː,301,,
1354,Bulu,3sg,vɛː,v ɛː,501,,
1355,Bulu,ant,ʤam-ʤuʔ,dʒ a m + dʒ u ʔ,701,,
1356,Bulu,armhand,geʔ,g e ʔ,904,,
1357,Bulu,ash,pʰa-rəp,pʰ a + r ə p,1103,,
1358,Bulu,big,a-raː,a + r aː,1303,,
1359,Bulu,bird,pə-duː,p ə + d uː,1502,,
1360,Bulu,bite,tɔʔ,t ɔ ʔ,1703,,
1361,Bulu,bitter,a-ʧaʔ,a + tʃ a ʔ,1901,,
1362,Bulu,black,a-hjɛN,a + h j ɛ N/ɴ,2103,,
1363,Bulu,blood,a-hui,a + h ui,2301,,
1364,Bulu,bone,a-zɛN,a + z ɛ N/ɴ,2502,,
1365,Bulu,breast,a-njɛː,a + n j ɛː,2704,,
1366,Bulu,toburnit,ham,h a m,2905,,
1367,Bulu,tocarryonback,ʒeN,ʒ e N/ɴ,3103,,
1368,Bulu,cloud,sə-tɨː,s ə + t ɨː,3302,,
1369,Bulu,tocryweep,ʧɛʔ,tʃ ɛ ʔ,3501,,
1370,Bulu,todie,iː,iː,3701,,
1371,Bulu,todomake,ʦaʔ,ts a ʔ,3902,,
1372,Bulu,dog,buː,b uː,4102,,
1373,Bulu,drink,in,i n,4302,,
1374,Bulu,dry,a-wɛN,a + w ɛ N/ɴ,4501,,
1375,Bulu,ear,a-kuiN,a + k ui N/ɴ,4702,,
1376,Bulu,eat,ʧiː,tʃ iː,4902,,
1377,Bulu,egg,a-wuN,a + w u N/ɴ,5103,,
1378,Bulu,eye,a-kəm,a + k ə m,5304,,
1379,Bulu,far,a-ʧoi,a + tʃ oi,5502,,
1380,Bulu,fat,a-ʒɔː,a + ʒ ɔː,5701,,
1381,Bulu,fingernail,a-geʔ gə-sɨn,a + g e ʔ + g ə + s ɨ n,5901,,
1382,Bulu,fire,bɛː,b ɛː,6101,,
1383,Bulu,fish,ʧui,tʃ ui,6302,,
1384,Bulu,fleshmeat,ʃiː,ʃ iː,6501,,
1385,Bulu,tofly,kiː,k iː,6703,,
1386,Bulu,full,ljɛː,l j ɛː,6902,,
1387,Bulu,togive,taN,t a N/ɴ,7102,,
1388,Bulu,togo,vuː,v uː,7301,,
1389,Bulu,good,a-mjɛː,a + m j ɛː,7504,,
1390,Bulu,haironhead,kə-zaN,k ə + z a N/ɴ,7701,,
1391,Bulu,hard,a-ʃɔN,a + ʃ ɔ N/ɴ,7904,,
1392,Bulu,head,a-kuN,a + k u N/ɴ,8101,,
1393,Bulu,tohear,nɨŋ,n ɨ ŋ,8304,,
1394,Bulu,heavy,a-lɨː,a + l ɨː,8501,,
1395,Bulu,tohide,uʔ,u ʔ,8701,,
1396,Bulu,tokill,wɛʔ,w ɛ ʔ,8901,,
1397,Bulu,horn,a-kjɛN,a + k j ɛ N/ɴ,9101,,
1398,Bulu,house,ham,h a m,9302,,
1399,Bulu,in,a-lɨŋ,a + l ɨ ŋ,9502,,
1400,Bulu,knee,a-lɛː kə-peiʔ,a + l ɛː + k ə + p ei ʔ,9705,,
1401,Bulu,toknow,dɛN,d ɛ N/ɴ,9901,,
1402,Bulu,tolaugh,zɛː,z ɛː,10101,,
1403,Bulu,leaf,a-ləp,a + l ə p,10301,,
1404,Bulu,legfoot,a-lɛː,a + l ɛː,10501,,
1405,Bulu,liver,a-pʰiN,a + pʰ i N/ɴ,10702,,
1406,Bulu,long,a-pjaN,a + p j a N/ɴ,10902,,
1407,Bulu,louse,ʃiʔ,ʃ i ʔ,11102,,
1408,Bulu,moon,haN-bɔː,h a N/ɴ + b ɔː,11301,,
1409,Bulu,mouth,a-səm,a + s ə m,11502,,
1410,Bulu,name,a-bjɛN,a + b j ɛ N/ɴ,11701,,
1411,Bulu,navel,sim-bə-lui,s i m + b ə + l ui,11901,,
1412,Bulu,neck,kə-tuN-rin,k ə + t u N/ɴ + r i n,12101,,
1413,Bulu,new,a-fɛN,a + f ɛ N/ɴ,12301,,
1414,Bulu,nose,a-pʰuN,a + pʰ u N/ɴ,12501,,
1415,Bulu,not,ba-,b a,12701,,
1416,Bulu,oldofthings,a-ʦɛN,a + ts ɛ N/ɴ,12903,,
1417,Bulu,one,tyi,t yi,13104,,
1418,Bulu,path,lim,l i m,13301,,
1419,Bulu,rain,ham-piː,h a m + p iː,13503,,
1420,Bulu,red,a-ʃiʔ,a + ʃ i ʔ,13701,,
1421,Bulu,root,ʃiN-rin,ʃ i N/ɴ + r i n,13904,,
1422,Bulu,torun,rin,r i n,14103,,
1423,Bulu,salt,fəu,f əu,14304,,
1424,Bulu,sand,səm-pjɛː,s ə m + p j ɛː,14506,,
1425,Bulu,tosay,riː,r iː,14705,,
1426,Bulu,tosee,niŋ,n i ŋ,14904,,
1427,Bulu,tosit,rɨː,r ɨː,15103,,
1428,Bulu,skinhide,a-kuʔ,a + k u ʔ,15301,,
1429,Bulu,tosleep,rəm,r ə m,15503,,
1430,Bulu,small,a-ziː,a + z iː,15705,,
1431,Bulu,smoke,bɛ-kʰɨː,b ɛ + kʰ ɨː,15901,,
1432,Bulu,stand,ʧin,tʃ i n,16101,,
1433,Bulu,star,haN-waiʔ,h a N/ɴ + w ai ʔ,16304,,
1434,Bulu,stonerock,ka-lɨŋ,k a + l ɨ ŋ,16501,,
1435,Bulu,sun,ha-mi,h a + m i,16701,,
1436,Bulu,sweet,a-pin,a + p i n,16903,,
1437,Bulu,tail,a-nyi,a + n yi,17101,,
1438,Bulu,totake,leː,l eː,17302,,
1439,Bulu,thick,a-pən,a + p ə n,17503,,
1440,Bulu,this,hɨŋ,h ɨ ŋ,17703,,
1441,Bulu,tongue,a-lyi,a + l yi,17901,,
1442,Bulu,tooth,kə-tɔN,k ə + t ɔ N/ɴ,18101,,
1443,Bulu,water,kʰɔː,kʰ ɔː,18301,,
1444,Bulu,what,hɛː,h ɛː,18506,,
1445,Bulu,white,a-rjuN,a + r j u N/ɴ,18704,,
1446,Bulu,who,mii,m iː,18901,,
1447,Bulu,wind,haN-ʃin,h a N/ɴ + ʃ i n,19102,,
1448,Bulu,wing,a-ʒuiN,a + ʒ ui N/ɴ,19303,,
1449,Bulu,woman,mə-ruː,m ə + r uː,19503,,
1450,Bulu,wood,ʃiN,ʃ i N/ɴ,19701,,
1451,Bulu,yesterday,ʤi-rjɛ:,dʒ i + r j ɛː,19903,,
1452,Kojo_Rojo,1sg,go,g o,101,,
1453,Kojo_Rojo,2sg,naŋ,n a ŋ,301,,
1454,Kojo_Rojo,3sg,wai,w ai,501,,
1455,Kojo_Rojo,ant,gam-gɹu,g a m + g ɹ u,701,,
1456,Kojo_Rojo,armhand,geiʔ,g ei ʔ,904,,
1457,Kojo_Rojo,ash,bə-rəm,b ə + r ə m,1103,,
1458,Kojo_Rojo,big,a-rai,a + r ai,1303,,
1459,Kojo_Rojo,bird,pə-doː,p ə + d oː,1502,,
1460,Kojo_Rojo,bite,tua,t ua,1703,,
1461,Kojo_Rojo,bitter,a-ʧuaʔ,a + tʃ ua ʔ,1901,,
1462,Kojo_Rojo,black,a-hjeĩ,a + h j eĩ/ẽi,2103,,
1463,Kojo_Rojo,blood,a-fui,a + f ui,2301,,
1464,Kojo_Rojo,bone,a-ʒan,a + ʒ a n,2502,,
1465,Kojo_Rojo,breast,a-njei,a + n j ei,2704,,
1466,Kojo_Rojo,toburnit,ʤəu,dʒ əu,2904,,
1467,Kojo_Rojo,tocarryonback,ɹan,ɹ a n,3104,,
1468,Kojo_Rojo,cloud,ka-dəu-sə,k a + d əu + s ə,3302,,
1469,Kojo_Rojo,tocryweep,ʧap,tʃ a p,3501,,
1470,Kojo_Rojo,todie,iː,iː,3701,,
1471,Kojo_Rojo,todomake,ʒou,ʒ ou,3903,,
1472,Kojo_Rojo,dog,buː,b uː,4102,,
1473,Kojo_Rojo,drink,in,i n,4302,,
1474,Kojo_Rojo,dry,a-wan,a + w a n,4501,,
1475,Kojo_Rojo,ear,a-kun,a + k u n,4702,,
1476,Kojo_Rojo,eat,ʧiː,tʃ iː,4902,,
1477,Kojo_Rojo,egg,a-liː,a + l iː,5105,,
1478,Kojo_Rojo,eye,a-kəm,a + k ə m,5304,,
1479,Kojo_Rojo,far,a-ʧai,a + tʃ ai,5502,,
1480,Kojo_Rojo,fat,a-zjaː,a + z j aː,5701,,
1481,Kojo_Rojo,fingernail,gei-ʃin,g ei + ʃ i n,5901,,
1482,Kojo_Rojo,fire,bai,b ai,6101,,
1483,Kojo_Rojo,fish,ʧui,tʃ ui,6302,,
1484,Kojo_Rojo,fleshmeat,mai,m ai,6503,,
1485,Kojo_Rojo,tofly,kɹei,k ɹ ei,6703,,
1486,Kojo_Rojo,full,jei,j ei,6902,,
1487,Kojo_Rojo,togive,taŋ,t a ŋ,7102,,
1488,Kojo_Rojo,togo,wuː,w uː,7301,,
1489,Kojo_Rojo,good,a-njam,a + n j a m,7505,,
1490,Kojo_Rojo,haironhead,kə-zjaŋ,k ə + z j a ŋ,7701,,
1491,Kojo_Rojo,hard,a-hɹan,a + h ɹ a n,7905,,
1492,Kojo_Rojo,head,a-kuŋ-bəː,a + k u ŋ + b əː,8101,,
1493,Kojo_Rojo,tohear,nuŋ,n u ŋ,8304,,
1494,Kojo_Rojo,heavy,a-lei,a + l ei,8501,,
1495,Kojo_Rojo,tohide,ɨʔ,ɨ ʔ,8701,,
1496,Kojo_Rojo,tokill,aiʔ,a i ʔ,8901,,
1497,Kojo_Rojo,horn,a-kɹan,a + k ɹ a n,9101,,
1498,Kojo_Rojo,house,ham,h a m,9302,,
1499,Kojo_Rojo,in,a-loŋ,a + l o ŋ,9502,,
1500,Kojo_Rojo,knee,lai ka-pɹei,l ai + k a + p ɹ ei,9705,,
1501,Kojo_Rojo,toknow,dan,d a n,9901,,
1502,Kojo_Rojo,tolaugh,zjei,z j ei,10101,,
1503,Kojo_Rojo,leaf,hɨ̃-jəm,h ɨ̃ + j ə m,10301,,
1504,Kojo_Rojo,legfoot,lai,l ai,10501,,
1505,Kojo_Rojo,liver,a-pin,a + p i n,10702,,
1506,Kojo_Rojo,long,a-pɹaŋ,a + p ɹ a ŋ,10902,,
1507,Kojo_Rojo,louse,hɹɛ,h ɹ ɛ,11101,,
1508,Kojo_Rojo,moon,ha-bu,h a + b u,11301,,
1509,Kojo_Rojo,mouth,səm,s ə m,11502,,
1510,Kojo_Rojo,name,a-bɹɛn,a + b ɹ ɛ n,11701,,
1511,Kojo_Rojo,navel,roŋ-rei,r o ŋ + r ei,11901,,
1512,Kojo_Rojo,neck,tuŋ-rin,t u ŋ + r i n,12101,,
1513,Kojo_Rojo,new,a-fan,a + f a n,12301,,
1514,Kojo_Rojo,nose,a-puŋ,a + p u ŋ,12501,,
1515,Kojo_Rojo,not,ba-,b a,12701,,
1516,Kojo_Rojo,oldofthings,a-ʧjɛn,a + tʃ j ɛ n,12903,,
1517,Kojo_Rojo,one,kjuː,k j uː,13102,,
1518,Kojo_Rojo,path,lim,l i m,13301,,
1519,Kojo_Rojo,rain,ham-pɹoː,h a m + p ɹ oː,13503,,
1520,Kojo_Rojo,red,a-hɨː,a + h ɨː,13702,,
1521,Kojo_Rojo,root,hɨ̃-rin,h ɨ̃ + r i n,13904,,
1522,Kojo_Rojo,torun,ren,r e n,14103,,
1523,Kojo_Rojo,salt,fou,f ou,14304,,
1524,Kojo_Rojo,sand,pan-ʧɨː-hɹɛː,p a n + tʃ ɨː + h ɹ ɛː,14506,,
1525,Kojo_Rojo,tosay,rjoː,r j oː,14706,,
1526,Kojo_Rojo,tosee,njəŋ,n j ə ŋ,14904,,
1527,Kojo_Rojo,tosit,ʤao,dʒ ao,15101,,
1528,Kojo_Rojo,skinhide,a-kɨː,a + k ɨː,15301,,
1529,Kojo_Rojo,tosleep,rəm,r ə m,15503,,
1530,Kojo_Rojo,small,a-ziː,a + z iː,15705,,
1531,Kojo_Rojo,smoke,bai-kəː,b ai + k əː,15901,,
1532,Kojo_Rojo,stand,ʧin,tʃ i n,16101,,
1533,Kojo_Rojo,star,ha-daŋ,h a + d a ŋ,16303,,
1534,Kojo_Rojo,stonerock,ka-hoŋ,k a + h o ŋ,16501,,
1535,Kojo_Rojo,sun,ha-mi,h a + m i,16701,,
1536,Kojo_Rojo,sweet,a-pin,a + p i n,16903,,
1537,Kojo_Rojo,tail,a-sərjam,a + s ə r j a m,17102,,
1538,Kojo_Rojo,totake,lei,l ei,17302,,
1539,Kojo_Rojo,thick,a-pen,a + p e n,17503,,
1540,Kojo_Rojo,this,həŋ,h ə ŋ,17703,,
1541,Kojo_Rojo,tongue,jui,j ui,17901,,
1542,Kojo_Rojo,tooth,kə-tuaŋ,k ə + t ua ŋ,18101,,
1543,Kojo_Rojo,water,kua,k ua,18301,,
1544,Kojo_Rojo,what,hai,h ai,18506,,
1545,Kojo_Rojo,white,a-rjuŋ,a + r j u ŋ,18704,,
1546,Kojo_Rojo,who,hoː,h oː,18902,,
1547,Kojo_Rojo,wind,ha-hɹɨn,h a + h ɹ ɨ n,19102,,
1548,Kojo_Rojo,wing,a-ʒun,a + ʒ u n,19303,,
1549,Kojo_Rojo,woman,a-mui,a + m ui,19501,,
1550,Kojo_Rojo,wood,hɹɨn,h ɹ ɨ n,19701,,
1551,Kojo_Rojo,yesterday,rə-niː,r ə + n iː,19902,,
1552,Rawa,1sg,go,g o,101,,
1553,Rawa,2sg,na,n a,301,,
1554,Rawa,3sg,hoː,h oː,503,,
1555,Rawa,ant,ga-mə-gɹoː,g a + m ə + g ɹ oː,701,,
1556,Rawa,armhand,get,g e t,904,,
1557,Rawa,ash,bai-rəp,b ai + r ə p,1103,,
1558,Rawa,big,a-rai,a + r ai,1303,,
1559,Rawa,bird,pə-doː,p ə + d oː,1502,,
1560,Rawa,bite,tua,t ua,1703,,
1561,Rawa,bitter,a-ʧaː,a + tʃ aː,1901,,
1562,Rawa,black,a-hjɛĩ,a + h j ɛĩ/ɛ̃i,2103,,
1563,Rawa,blood,fui,f ui,2301,,
1564,Rawa,bone,a-zaʔ,a + z a ʔ,2502,,
1565,Rawa,breast,njɛi,n j ɛi,2704,,
1566,Rawa,toburnit,ʤəu,dʒ əu,2904,,
1567,Rawa,tocarryonback,bəu,b əu,3101,,
1568,Rawa,cloud,toŋ-səu,t o ŋ + s əu,3302,,
1569,Rawa,tocryweep,ʧap,tʃ a p,3501,,
1570,Rawa,todie,iː,iː,3701,,
1571,Rawa,todomake,kat,k a t,3904,,
1572,Rawa,dog,boː,b oː,4102,,
1573,Rawa,drink,in,i n,4302,,
1574,Rawa,dry,a-wan,a + w a n,4501,,
1575,Rawa,ear,kot,k o t,4702,,
1576,Rawa,eat,ʧiː,tʃ iː,4902,,
1577,Rawa,egg,tju-li,t j u + l i,5105,,
1578,Rawa,eye,kəp,k ə p,5304,,
1579,Rawa,far,a-ʧai,a + tʃ ai,5502,,
1580,Rawa,fat,a-zjaː,a + z j aː,5701,,
1581,Rawa,fingernail,gə-sin,g ə + s i n,5901,,
1582,Rawa,fire,bai,b ai,6101,,
1583,Rawa,fish,ʧuei,tʃ u ei,6302,,
1584,Rawa,fleshmeat,mai,m ai,6503,,
1585,Rawa,tofly,kei,k ei,6703,,
1586,Rawa,full,ljɛi,l j ɛi,6902,,
1587,Rawa,togive,taʔ,t a ʔ,7102,,
1588,Rawa,togo,woː,w oː,7301,,
1589,Rawa,good,a-njam,a + n j a m,7505,,
1590,Rawa,haironhead,kə-zjaʔ,k ə + z j a ʔ,7701,,
1591,Rawa,head,koʔ-bəu,k o ʔ + b əu,8101,,
1592,Rawa,tohear,noŋ,n o ŋ,8304,,
1593,Rawa,heavy,a-lei,a + l ei,8501,,
1594,Rawa,tohide,əə,əː,8701,,
1595,Rawa,tokill,at,a t,8901,,
1596,Rawa,horn,a-kɹɛt,a + k ɹ ɛ t,9101,,
1597,Rawa,house,ham,h a m,9302,,
1598,Rawa,knee,lai kə-rəʔ,l ai + k ə + r ə ʔ,9706,,
1599,Rawa,toknow,dat,d a t,9901,,
1600,Rawa,tolaugh,zei,z ei,10101,,
1601,Rawa,leaf,hɨŋ-ləp,h ɨ ŋ + l ə p,10301,,
1602,Rawa,legfoot,lai,l ai,10501,,
1603,Rawa,liver,a-pjet,a + p j e t,10702,,
1604,Rawa,long,a-pɹaŋ,a + p ɹ a ŋ,10902,,
1605,Rawa,louse,hɛː,h ɛː,11101,,
1606,Rawa,moon,ha-nua,h a + n ua,11302,,
1607,Rawa,mouth,səp,s ə p,11502,,
1608,Rawa,name,a-bɹɛn,a + b ɹ ɛ n,11701,,
1609,Rawa,navel,roː-rei,r oː + r ei,11901,,
1610,Rawa,neck,tõ-rɨn,t õ + r ɨ n,12101,,
1611,Rawa,new,a-faʲt,a + f aʲ/a t,12301,,
1612,Rawa,nose,poŋ,p o ŋ,12501,,
1613,Rawa,not,ba-,b a,12701,,
1614,Rawa,oldofthings,a-ʧet,a + tʃ e t,12903,,
1615,Rawa,one,tjoː,t j oː,13102,,
1616,Rawa,path,lɨp,l ɨ p,13301,,
1617,Rawa,rain,ham-pɹoː,h a m + p ɹ oː,13503,,
1618,Rawa,red,a-rjuʔ,a + r j u ʔ,13703,,
1619,Rawa,root,a-rɨŋ,a + r ɨ ŋ,13904,,
1620,Rawa,torun,rit,r i t,14103,,
1621,Rawa,salt,foː,f oː,14304,,
1622,Rawa,sand,pã-ʧɨʔ,p ã + tʃ ɨ ʔ,14506,,
1623,Rawa,tosay,rjoː,r j oː,14706,,
1624,Rawa,tosee,niŋ,n i ŋ,14904,,
1625,Rawa,tosit,tuŋ,t u ŋ,15102,,
1626,Rawa,skinhide,a-kəː,a + k əː,15301,,
1627,Rawa,tosleep,rəp,r ə p,15503,,
1628,Rawa,small,a-jiŋ,a + j i ŋ,15704,,
1629,Rawa,smoke,bai-kɨː,b ai + k ɨː,15901,,
1630,Rawa,stand,ʧiŋ,tʃ i ŋ,16101,,
1631,Rawa,star,sat,s a t,16305,,
1632,Rawa,stonerock,kə-bɹaː,k ə + b ɹ aː,16503,,
1633,Rawa,sun,ha-mi,h a + m i,16701,,
1634,Rawa,sweet,a-pin,a + p i n,16903,,
1635,Rawa,tail,a-kə-doŋ,a + k ə + d o ŋ,17103,,
1636,Rawa,totake,lei,l ei,17302,,
1637,Rawa,thick,a-piʔ,a + p i ʔ,17503,,
1638,Rawa,this,həŋ,h ə ŋ,17703,,
1639,Rawa,tongue,lue,l ue,17901,,
1640,Rawa,tooth,tuaŋ,t ua ŋ,18101,,
1641,Rawa,water,kua,k ua,18301,,
1642,Rawa,what,hai,h ai,18506,,
1643,Rawa,white,a-rjuŋ,a + r j u ŋ,18704,,
1644,Rawa,who,hoː,h oː,18902,,
1645,Rawa,wind,ha-hɨn,h a + h ɨ n,19102,,
1646,Rawa,wing,a-zuət,a + z uə t,19303,,
1647,Rawa,woman,a-mui,a + m ui,19501,,
1648,Rawa,wood,hɨŋ,h ɨ ŋ,19701,,
1649,Saria,1sg,go,g o,101,,
1650,Saria,2sg,na,n a,301,,
1651,Saria,3sg,waː,w aː,501,,
1652,Saria,ant,gɹɛŋ-gɹo,g ɹ ɛ ŋ + g ɹ o,701,,
1653,Saria,armhand,geiʔ,g ei ʔ,904,,
1654,Saria,ash,bai-rəʔ,b ai + r ə ʔ,1103,,
1655,Saria,big,toʔ,t o ʔ,1301,,
1656,Saria,bird,pə-doː,p ə + d oː,1502,,
1657,Saria,bite,tua,t ua,1703,,
1658,Saria,bitter,a-kjaː,a + k j aː,1901,,
1659,Saria,black,a-hɛ̃,a + h ɛ̃,2103,,
1660,Saria,blood,hue,h ue,2301,,
1661,Saria,bone,a-zaiʔ,a + z ai ʔ,2502,,
1662,Saria,breast,ɲɛː,ɲ ɛː,2704,,
1663,Saria,toburnit,ʤɨː,dʒ ɨː,2904,,
1664,Saria,tocarryonback,eiʔ,e i ʔ,3105,,
1665,Saria,cloud,ka-tɨː-sɨː,k a + t ɨː + s ɨː,3302,,
1666,Saria,tocryweep,kjaʔ,k j a ʔ,3501,,
1667,Saria,todie,iː,iː,3701,,
1668,Saria,todomake,kaiʔ,k ai ʔ,3904,,
1669,Saria,dog,boː,b oː,4102,,
1670,Saria,drink,riŋ,r i ŋ,4302,,
1671,Saria,dry,a-waiʔ,a + w ai ʔ,4501,,
1672,Saria,ear,kuiʔ,k ui ʔ,4702,,
1673,Saria,eat,ʧiː,tʃ iː,4902,,
1674,Saria,egg,mə-riː,m ə + r iː,5105,,
1675,Saria,eye,kəʔ,k ə ʔ,5304,,
1676,Saria,far,kjeː,k j eː,5502,,
1677,Saria,fat,a-zua,a + z ua,5701,,
1678,Saria,fingernail,gei-siŋ,g ei + s i ŋ,5901,,
1679,Saria,fire,bɛː,b ɛː,6101,,
1680,Saria,fish,ɲoː,ɲ oː,6301,,
1681,Saria,fleshmeat,mə-reʔ,m ə + r e ʔ,6504,,
1682,Saria,tofly,piʔ,p i ʔ,6701,,
1683,Saria,full,lɛː,l ɛː,6902,,
1684,Saria,togive,taŋ,t a ŋ,7102,,
1685,Saria,togo,uː,uː,7301,,
1686,Saria,good,a-jɨː,a + j ɨː,7506,,
1687,Saria,haironhead,kə-zaʔ,k ə + z a ʔ,7701,,
1688,Saria,hard,gaː,g aː,7906,,
1689,Saria,head,a-koʔ,a + k o ʔ,8101,,
1690,Saria,tohear,roŋ,r o ŋ,8304,,
1691,Saria,heavy,a-lei,a + l ei,8501,,
1692,Saria,tohide,rjaŋ-əː,r j a ŋ + əː,8701,,
1693,Saria,tokill,aiʔ,a i ʔ,8901,,
1694,Saria,horn,a-kuaŋ,a + k ua ŋ,9103,,
1695,Saria,house,haʔ,h a ʔ,9302,,
1696,Saria,in,a-raŋ,a + r a ŋ,9504,,
1697,Saria,knee,lɛː-kuŋ,l ɛː + k u ŋ,9707,,
1698,Saria,toknow,daiʔ,d ai ʔ,9901,,
1699,Saria,tolaugh,zɛː,z ɛː,10101,,
1700,Saria,leaf,a-ləʔ,a + l ə ʔ,10301,,
1701,Saria,legfoot,lai,l ai,10501,,
1702,Saria,liver,a-piʔ,a + p i ʔ,10702,,
1703,Saria,long,pɹaŋ,p ɹ a ŋ,10902,,
1704,Saria,louse,prɛː,p r ɛː,11103,,
1705,Saria,moon,aŋ-bo,a ŋ + b o,11301,,
1706,Saria,mouth,səʔ,s ə ʔ,11502,,
1707,Saria,name,a-bɹɛŋ,a + b ɹ ɛ ŋ,11701,,
1708,Saria,navel,rue-ri,r ue + r i,11901,,
1709,Saria,neck,kə-tjuŋ,k ə + t j u ŋ,12101,,
1710,Saria,new,a-faiʔ,a + f ai ʔ,12301,,
1711,Saria,nose,poŋ,p o ŋ,12501,,
1712,Saria,not,ba-,b a,12701,,
1713,Saria,oldofthings,a-ʧeiʔ,a + tʃ ei ʔ,12903,,
1714,Saria,one,ʧue,tʃ ue,13103,,
1715,Saria,path,liʔ,l i ʔ,13301,,
1716,Saria,rain,haʔ-pɹo,h a ʔ + p ɹ o,13503,,
1717,Saria,red,a-rjuʔ,a + r j u ʔ,13703,,
1718,Saria,root,a-riŋ,a + r i ŋ,13904,,
1719,Saria,torun,riʔ,r i ʔ,14103,,
1720,Saria,salt,hoŋ,h o ŋ,14302,,
1721,Saria,sand,bɛɛ-ʧiʔ,b ɛː + tʃ i ʔ,14506,,
1722,Saria,tosay,jɔː,j ɔː,14704,,
1723,Saria,tosee,ɲɨː,ɲ ɨː,14904,,
1724,Saria,tosit,tuŋ,t u ŋ,15102,,
1725,Saria,skinhide,a-kəː,a + k əː,15301,,
1726,Saria,tosleep,rəʔ,r ə ʔ,15503,,
1727,Saria,small,ɲɛː-doː,ɲ ɛː + d oː,15706,,
1728,Saria,smoke,bai-kɨː,b ai + k ɨː,15901,,
1729,Saria,stand,ʧiŋ,tʃ i ŋ,16101,,
1730,Saria,star,saiʔ,s ai ʔ,16305,,
1731,Saria,stonerock,kə-bɹaː,k ə + b ɹ aː,16503,,
1732,Saria,sun,ha-mi,h a + m i,16701,,
1733,Saria,sweet,a-piŋ,a + p i ŋ,16903,,
1734,Saria,tail,ɲi-mɹɛː,ɲ i + m ɹ ɛː,17104,,
1735,Saria,totake,rei,r ei,17302,,
1736,Saria,thick,toʔ-rɨː,t o ʔ + r ɨː,17504,,
1737,Saria,this,həŋ,h ə ŋ,17703,,
1738,Saria,tongue,lue,l ue,17901,,
1739,Saria,tooth,tuaŋ,t ua ŋ,18101,,
1740,Saria,water,kua,k ua,18301,,
1741,Saria,what,hai,h ai,18506,,
1742,Saria,white,a-rjuŋ,a + r j u ŋ,18704,,
1743,Saria,who,haː,h aː,18902,,
1744,Saria,wind,a-huiʔ,a + h ui ʔ,19103,,
1745,Saria,wing,mə-juiʔ,m ə + j ui ʔ,19303,,
1746,Saria,woman,a-mui,a + m ui,19501,,
1747,Saria,wood,hɹiŋ,h ɹ i ŋ,19701,,
1748,Saria,yesterday,bɹõrĩ,b ɹ õ r ĩ,19903,,
1749,Chayangtajo,1sg,go,g o,101,,
1750,Chayangtajo,2sg,na,n a,301,,
1751,Chayangtajo,3sg,wɛː,w ɛː,501,,
1752,Chayangtajo,ant,gɹɛŋ-gɹo,g ɹ ɛ ŋ + g ɹ o,701,,
1753,Chayangtajo,armhand,geiʔ,g ei ʔ,904,,
1754,Chayangtajo,ash,bɛɛ-rak,b ɛː + r a k,1103,,
1755,Chayangtajo,big,kəlaː,k ə l aː,1304,,
1756,Chayangtajo,bird,pə-dou,p ə + d ou,1502,,
1757,Chayangtajo,bite,tua,t ua,1703,,
1758,Chayangtajo,bitter,a-ʧaː,a + tʃ aː,1901,,
1759,Chayangtajo,black,a-hjɛ̃,a + h j ɛ̃,2103,,
1760,Chayangtajo,blood,hue,h ue,2301,,
1761,Chayangtajo,bone,a-zaiʔ,a + z ai ʔ,2502,,
1762,Chayangtajo,breast,a-njɛː,a + n j ɛː,2704,,
1763,Chayangtajo,toburnit,jɨː,j ɨː,2904,,
1764,Chayangtajo,tocarryonback,eiʔ,e i ʔ,3105,,
1765,Chayangtajo,cloud,ka-təː,k a + t əː,3302,,
1766,Chayangtajo,tocryweep,ʧap,tʃ a p,3501,,
1767,Chayangtajo,todie,iː,iː,3701,,
1768,Chayangtajo,todomake,kaiʔ,k ai ʔ,3904,,
1769,Chayangtajo,dog,kajoː,k a j oː,4103,,
1770,Chayangtajo,drink,riŋ,r i ŋ,4302,,
1771,Chayangtajo,dry,a-waiʔ,a + w ai ʔ,4501,,
1772,Chayangtajo,ear,(a)-kuiʔ,k ui ʔ,4702,,
1773,Chayangtajo,eat,ʧiː,tʃ iː,4902,,
1774,Chayangtajo,egg,mə-riː,m ə + r iː,5105,,
1775,Chayangtajo,eye,(a)-kək,k ə k,5304,,
1776,Chayangtajo,far,a-ʧjeː,a + tʃ j eː,5502,,
1777,Chayangtajo,fat,a-zua,a + z ua,5701,,
1778,Chayangtajo,fingernail,gei-siʔ,g ei + s i ʔ,5901,,
1779,Chayangtajo,fire,bae,b ae,6101,,
1780,Chayangtajo,fish,kahuaŋ,k a h ua ŋ,6303,,
1781,Chayangtajo,fleshmeat,mə-rjeʔ,m ə + r j e ʔ,6504,,
1782,Chayangtajo,tofly,pjeʔ,p j e ʔ,6701,,
1783,Chayangtajo,full,ljɛː,l j ɛː,6902,,
1784,Chayangtajo,togive,taŋ,t a ŋ,7102,,
1785,Chayangtajo,togo,uː,uː,7301,,
1786,Chayangtajo,good,a-njaŋ,a + n j a ŋ,7505,,
1787,Chayangtajo,haironhead,kə-zak,k ə + z a k,7701,,
1788,Chayangtajo,hard,a-kaː,a + k aː,7906,,
1789,Chayangtajo,head,a-kok,a + k o k,8101,,
1790,Chayangtajo,tohear,roŋ,r o ŋ,8304,,
1791,Chayangtajo,heavy,a-lei,a + l ei,8501,,
1792,Chayangtajo,tohide,rou-gəə,r ou + g əː,8702,,
1793,Chayangtajo,tokill,aiʔ,a i ʔ,8901,,
1794,Chayangtajo,horn,ko-waŋ,k o + w a ŋ,9103,,
1795,Chayangtajo,house,ʧuk,tʃ u k,9303,,
1796,Chayangtajo,in,a-ɹaŋ,a + ɹ a ŋ,9504,,
1797,Chayangtajo,knee,ka-pɹei,k a + p ɹ ei,9705,,
1798,Chayangtajo,toknow,daiʔ,d ai ʔ,9901,,
1799,Chayangtajo,tolaugh,ruɛ,r uɛ,10103,,
1800,Chayangtajo,leaf,a-ləʔ,a + l ə ʔ,10301,,
1801,Chayangtajo,legfoot,(a)-lɛː,l ɛː,10501,,
1802,Chayangtajo,liver,a-pjiʔ,a + p j i ʔ,10702,,
1803,Chayangtajo,long,a-pɹaŋ,a + p ɹ a ŋ,10902,,
1804,Chayangtajo,louse,pɹɛː,p ɹ ɛː,11103,,
1805,Chayangtajo,moon,am-boː,a m + b oː,11301,,
1806,Chayangtajo,mouth,səʔ,s ə ʔ,11502,,
1807,Chayangtajo,name,a-bɹɛŋ,a + b ɹ ɛ ŋ,11701,,
1808,Chayangtajo,navel,rue-rei,r ue + r ei,11901,,
1809,Chayangtajo,neck,kə-tuŋ,k ə + t u ŋ,12101,,
1810,Chayangtajo,new,a-faiʔ,a + f ai ʔ,12301,,
1811,Chayangtajo,nose,a-pok,a + p o k,12501,,
1812,Chayangtajo,not,ba-,b a,12701,,
1813,Chayangtajo,oldofthings,a-ʧaiʔ,a + tʃ ai ʔ,12903,,
1814,Chayangtajo,one,hui,h ui,13105,,
1815,Chayangtajo,path,puzuɛ,p u z uɛ,13302,,
1816,Chayangtajo,rain,am-pɹuː,a m + p ɹ uː,13503,,
1817,Chayangtajo,red,a-rjuk,a + r j u k,13703,,
1818,Chayangtajo,root,a-reŋ,a + r e ŋ,13904,,
1819,Chayangtajo,torun,riʔ,r i ʔ,14103,,
1820,Chayangtajo,salt,hoŋ,h o ŋ,14302,,
1821,Chayangtajo,sand,pɹɛː-ʧeiʔ,p ɹ ɛː + tʃ ei ʔ,14506,,
1822,Chayangtajo,tosay,luiʔ,l ui ʔ,14707,,
1823,Chayangtajo,tosee,ʤei,dʒ ei,14905,,
1824,Chayangtajo,tosit,tuŋ,t u ŋ,15102,,
1825,Chayangtajo,skinhide,a-kəː,a + k əː,15301,,
1826,Chayangtajo,tosleep,rəm,r ə m,15503,,
1827,Chayangtajo,small,kə-siʔ,k ə + s i ʔ,15707,,
1828,Chayangtajo,smoke,bɛː-kɨː,b ɛː + k ɨː,15901,,
1829,Chayangtajo,stand,ʧiŋ,tʃ i ŋ,16101,,
1830,Chayangtajo,star,pə-ʤaiʔ,p ə + dʒ ai ʔ,16306,,
1831,Chayangtajo,stonerock,kə-bɹaː,k ə + b ɹ aː,16503,,
1832,Chayangtajo,sun,kriː,k r iː,16702,,
1833,Chayangtajo,sweet,a-piŋ,a + p i ŋ,16903,,
1834,Chayangtajo,tail,ni-mɹɛː,n i + m ɹ ɛː,17104,,
1835,Chayangtajo,totake,rei,r ei,17302,,
1836,Chayangtajo,thick,a-piʔ,a + p i ʔ,17503,,
1837,Chayangtajo,this,həŋ,h ə ŋ,17703,,
1838,Chayangtajo,tongue,a-rue,a + r ue,17901,,
1839,Chayangtajo,tooth,kə-tuaŋ,k ə + t ua ŋ,18101,,
1840,Chayangtajo,water,kua,k ua,18301,,
1841,Chayangtajo,what,hiː,h iː,18507,,
1842,Chayangtajo,white,a-rjuŋ,a + r j u ŋ,18704,,
1843,Chayangtajo,who,haː,h aː,18902,,
1844,Chayangtajo,wind,aŋ-huiʔ,a ŋ + h ui ʔ,19103,,
1845,Chayangtajo,wing,a-juiʔ,a + j ui ʔ,19303,,
1846,Chayangtajo,woman,a-mui,a + m ui,19501,,
1847,Chayangtajo,wood,hɹeŋ,h ɹ e ŋ,19701,,
1848,Chayangtajo,yesterday,bjariː,b j a r iː,19903,,
1849,Lasumpatte,1sg,go,g o,101,,
1850,Lasumpatte,2sg,na,n a,301,,
1851,Lasumpatte,3sg,wɛː,w ɛː,501,,
1852,Lasumpatte,ant,gɹɛŋ-gɹo,g ɹ ɛ ŋ + g ɹ o,701,,
1853,Lasumpatte,armhand,geiʔ,g ei ʔ,904,,
1854,Lasumpatte,ash,bɛɛ-rak,b ɛː + r a k,1103,,
1855,Lasumpatte,big,kəlaː,k ə l aː,1304,,
1856,Lasumpatte,bird,pə-dou,p ə + d ou,1502,,
1857,Lasumpatte,bite,tua,t ua,1703,,
1858,Lasumpatte,bitter,a-ʧjaː,a + tʃ j aː,1901,,
1859,Lasumpatte,black,a-hjɛ̃,a + h j ɛ̃,2103,,
1860,Lasumpatte,blood,hue,h ue,2301,,
1861,Lasumpatte,bone,a-ʤaiʔ,a + dʒ ai ʔ,2502,,
1862,Lasumpatte,breast,a-njɛː,a + n j ɛː,2704,,
1863,Lasumpatte,toburnit,ʤɨː,dʒ ɨː,2904,,
1864,Lasumpatte,tocarryonback,ek,e k,3105,,
1865,Lasumpatte,cloud,ka-təː,k a + t əː,3302,,
1866,Lasumpatte,tocryweep,ʧjap,tʃ j a p,3501,,
1867,Lasumpatte,todie,iː,iː,3701,,
1868,Lasumpatte,todomake,kaiʔ,k ai ʔ,3904,,
1869,Lasumpatte,dog,kajoː,k a j oː,4103,,
1870,Lasumpatte,drink,riŋ,r i ŋ,4302,,
1871,Lasumpatte,dry,a-waiʔ,a + w ai ʔ,4501,,
1872,Lasumpatte,ear,(a)-kuiʔ,k ui ʔ,4702,,
1873,Lasumpatte,eat,ʧiː,tʃ iː,4902,,
1874,Lasumpatte,egg,mə-riː,m ə + r iː,5105,,
1875,Lasumpatte,eye,(a)-kək,k ə k,5304,,
1876,Lasumpatte,far,a-ʧjeː,a + tʃ j eː,5502,,
1877,Lasumpatte,fat,a-ʤua,a + dʒ ua,5701,,
1878,Lasumpatte,fingernail,gei-siʔ,g ei + s i ʔ,5901,,
1879,Lasumpatte,fire,bɛː,b ɛː,6101,,
1880,Lasumpatte,fish,kahuaŋ,k a h ua ŋ,6303,,
1881,Lasumpatte,fleshmeat,mə-rjeʔ,m ə + r j e ʔ,6504,,
1882,Lasumpatte,tofly,pjiʔ,p j i ʔ,6701,,
1883,Lasumpatte,full,ljɛː,l j ɛː,6902,,
1884,Lasumpatte,togive,taŋ,t a ŋ,7102,,
1885,Lasumpatte,togo,uː,uː,7301,,
1886,Lasumpatte,good,a-njaŋ,a + n j a ŋ,7505,,
1887,Lasumpatte,haironhead,kə-ʤak,k ə + dʒ a k,7701,,
1888,Lasumpatte,hard,a-kaː,a + k aː,7906,,
1889,Lasumpatte,head,a-kok,a + k o k,8101,,
1890,Lasumpatte,tohear,roŋ,r o ŋ,8304,,
1891,Lasumpatte,heavy,a-lei,a + l ei,8501,,
1892,Lasumpatte,tohide,rou-gəə,r ou + g əː,8702,,
1893,Lasumpatte,tokill,aiʔ,a i ʔ,8901,,
1894,Lasumpatte,horn,ko-waŋ,k o + w a ŋ,9103,,
1895,Lasumpatte,house,ʧuk,tʃ u k,9303,,
1896,Lasumpatte,in,aŋ-ɹaŋ,a ŋ + ɹ a ŋ,9504,,
1897,Lasumpatte,knee,ka-pei,k a + p ei,9705,,
1898,Lasumpatte,toknow,daiʔ,d ai ʔ,9901,,
1899,Lasumpatte,tolaugh,ruɛ,r uɛ,10103,,
1900,Lasumpatte,leaf,a-ləʔ,a + l ə ʔ,10301,,
1901,Lasumpatte,legfoot,(a)-lɛː,l ɛː,10501,,
1902,Lasumpatte,liver,a-pjiʔ,a + p j i ʔ,10702,,
1903,Lasumpatte,long,a-pɹaŋ,a + p ɹ a ŋ,10902,,
1904,Lasumpatte,louse,pɹɛː,p ɹ ɛː,11103,,
1905,Lasumpatte,moon,am-boː,a m + b oː,11301,,
1906,Lasumpatte,mouth,səʔ,s ə ʔ,11502,,
1907,Lasumpatte,name,a-bɹɛŋ,a + b ɹ ɛ ŋ,11701,,
1908,Lasumpatte,navel,rue-rei,r ue + r ei,11901,,
1909,Lasumpatte,neck,kə-tjuŋ,k ə + t j u ŋ,12101,,
1910,Lasumpatte,new,a-faiʔ,a + f ai ʔ,12301,,
1911,Lasumpatte,nose,a-pok,a + p o k,12501,,
1912,Lasumpatte,not,ba-,b a,12701,,
1913,Lasumpatte,oldofthings,a-ʧaiʔ,a + tʃ ai ʔ,12903,,
1914,Lasumpatte,one,hui,h ui,13105,,
1915,Lasumpatte,path,puzuɛ,p u z uɛ,13302,,
1916,Lasumpatte,rain,am-pjuː,a m + p j uː,13503,,
1917,Lasumpatte,red,a-rjuk,a + r j u k,13703,,
1918,Lasumpatte,root,a-reŋ,a + r e ŋ,13904,,
1919,Lasumpatte,torun,riʔ,r i ʔ,14103,,
1920,Lasumpatte,salt,hoŋ,h o ŋ,14302,,
1921,Lasumpatte,sand,pjɛː-ʧeʔ,p j ɛː + tʃ e ʔ,14506,,
1922,Lasumpatte,tosay,luiʔ,l ui ʔ,14707,,
1923,Lasumpatte,tosee,ʤei,dʒ ei,14905,,
1924,Lasumpatte,tosit,tuŋ,t u ŋ,15102,,
1925,Lasumpatte,skinhide,a-kəː,a + k əː,15301,,
1926,Lasumpatte,tosleep,rəm,r ə m,15503,,
1927,Lasumpatte,small,kə-siʔ,k ə + s i ʔ,15707,,
1928,Lasumpatte,smoke,bɛː-kɨː,b ɛː + k ɨː,15901,,
1929,Lasumpatte,stand,ʧiŋ,tʃ i ŋ,16101,,
1930,Lasumpatte,star,pə-ʤaiʔ,p ə + dʒ ai ʔ,16306,,
1931,Lasumpatte,stonerock,kə-bɹaː,k ə + b ɹ aː,16503,,
1932,Lasumpatte,sun,kriː,k r iː,16702,,
1933,Lasumpatte,sweet,a-piŋ,a + p i ŋ,16903,,
1934,Lasumpatte,tail,ni-mɹɛː,n i + m ɹ ɛː,17104,,
1935,Lasumpatte,totake,rei,r ei,17302,,
1936,Lasumpatte,thick,a-piʔ,a + p i ʔ,17503,,
1937,Lasumpatte,this,həŋ,h ə ŋ,17703,,
1938,Lasumpatte,tongue,a-rue,a + r ue,17901,,
1939,Lasumpatte,tooth,kə-tuaŋ,k ə + t ua ŋ,18101,,
1940,Lasumpatte,water,kua,k ua,18301,,
1941,Lasumpatte,what,hiː,h iː,18507,,
1942,Lasumpatte,white,a-rjuŋ,a + r j u ŋ,18704,,
1943,Lasumpatte,who,haː,h aː,18902,,
1944,Lasumpatte,wind,aŋ-huiʔ,a ŋ + h ui ʔ,19103,,
1945,Lasumpatte,wing,a-wiʔ,a + w i ʔ,19304,,
1946,Lasumpatte,woman,a-mui,a + m ui,19501,,
1947,Lasumpatte,wood,hjeŋ,h j e ŋ,19701,,
1948,Lasumpatte,yesterday,bjariː,b j a r iː,19903,,
