ID,Language_ID,Parameter_ID,Form,Segments,Comment,Source
1,duhumbi,1sg,ga,g a,,
2,duhumbi,2sg,naŋ,n a ŋ,,
3,duhumbi,3sg,wɔj,w ɔ j,,
4,duhumbi,ant,kʰin-ʨʰɔk,kʰ i n + tɕʰ ɔ k,,
5,duhumbi,armhand,hut,h u t,,
6,duhumbi,ash,ʨʰu-pʰak,tɕʰ u + pʰ a k,,
7,duhumbi,big,ɔ-dɔk,ɔ + d ɔ k,,
8,duhumbi,bird,hwa,w̥ a,,
9,duhumbi,bite,zɛk,z ɛ k,,
10,duhumbi,bitter,ʨʰak-ba,tɕʰ a k + b a,,
11,duhumbi,black,u-ʨʰam,u + tɕʰ a m,,
12,duhumbi,blood,hɔj,h ɔ j,,
13,duhumbi,bone,ɕa-kʰus,ɕ a + kʰ u s,,
14,duhumbi,breast,nu,n u,,
15,duhumbi,toburnit,haj,h a j,,
16,duhumbi,tocarryonback,bu,b u,,
17,duhumbi,cloud,mukpa,m u k p a,,
18,duhumbi,tocryweep,kʰip,kʰ i p,,
19,duhumbi,todie,i,i,,
20,duhumbi,todomake,le,l e,,
21,duhumbi,dog,wa-tʰi,w a + tʰ i,,
22,duhumbi,drink,ɲiŋ,ɲ i ŋ,,
23,duhumbi,dry,wa-ar,w a + a r,,
24,duhumbi,ear,kʰu-tʰuŋ,kʰ u + tʰ u ŋ,,
25,duhumbi,eat,ʨʰa,tɕʰ a,,
26,duhumbi,egg,hɔj-ʥɔŋ,h ɔ j + dʑ ɔ ŋ,,
27,duhumbi,eye,kʰu-m,kʰ u + m,,
28,duhumbi,far,tʰa-u-ɹiŋ,tʰ a + u + ɹ i ŋ,,
29,duhumbi,fat,ɔ-jɔw,ɔ + j ɔ w,,
30,duhumbi,fingernail,hut-ʦun,h u t + ts u n,,
31,duhumbi,fire,bɛj,b ɛ j,,
32,duhumbi,fish,ŋa,ŋ a,,
33,duhumbi,fleshmeat,ɕa,ɕ a,,
34,duhumbi,tofly,ɕɛɹ,ɕ ɛ ɹ,,
35,duhumbi,full,pɕiŋ-ba,p ɕ i ŋ + b a,,
36,duhumbi,togive,ɕi,ɕ i,,
37,duhumbi,togo,wa,w a,,
38,duhumbi,good,ɔ-ʥɔp,ɔ + dʑ ɔ p,,
39,duhumbi,haironhead,kʰu-ɕaŋ,kʰ u + ɕ a ŋ,,
40,duhumbi,hard,kaktar,k a k t a r,,
41,duhumbi,head,kʰɔ-lɔk,kʰ ɔ + l ɔ k,,
42,duhumbi,tohear,ʥas,dʑ a s,,
43,duhumbi,heavy,u-li,u + l i,,
44,duhumbi,tohide,uk,u k,,
45,duhumbi,tokill,at,a t,,
46,duhumbi,horn,kʰɛŋ,kʰ ɛ ŋ,,
47,duhumbi,house,wam,w a m,,
48,duhumbi,in,naŋ,n a ŋ,,
49,duhumbi,knee,kɔːlɔk-pa,k ɔː l ɔ k + p a,,
50,duhumbi,toknow,dɛn,d ɛ n,,
51,duhumbi,tolaugh,ʑɛj,ʑ ɛ j,,
52,duhumbi,leaf,u-lap,u + l a p,,
53,duhumbi,legfoot,lɛj,l ɛ j,,
54,duhumbi,liver,ɕa taŋku,ɕ a + t a ŋ k u,,
55,duhumbi,long,u-riŋ,u + r i ŋ,,
56,duhumbi,louse,hɛk,h ɛ k,,
57,duhumbi,moon,nam-ba,n a m + b a,,
58,duhumbi,mouth,hɔ-ʨu,h ɔ + tɕ u,,
59,duhumbi,name,biŋ,b i ŋ,,
60,duhumbi,navel,bɔː-di,b ɔː + d i,,
61,duhumbi,neck,hɛn-tʰɔŋ,h ɛ n + tʰ ɔ ŋ,,
62,duhumbi,new,ɔ-kʰɔn,ɔ + kʰ ɔ n,,
63,duhumbi,nose,hɛm-pʰɔŋ,h ɛ m + pʰ ɔ ŋ,,
64,duhumbi,not,ba-,b a,,
65,duhumbi,oldofthings,ɔ-mɛn,ɔ + m ɛ n,,
66,duhumbi,one,hin,h i n,,
67,duhumbi,path,huma,h u m a,,
68,duhumbi,rain,na-mu,n a + m u,,
69,duhumbi,red,ɔ-kʰek,ɔ + kʰ e k,,
70,duhumbi,root,ra-ba,r a + b a,,
71,duhumbi,torun,dur,d u r,,
72,duhumbi,salt,ha,h a,,
73,duhumbi,sand,beʦa,b e ts a,,
74,duhumbi,tosay,in,i n,,
75,duhumbi,tosee,aj,a j,,
76,duhumbi,tosit,ʥu,dʑ u,,
77,duhumbi,skinhide,ɕa-kʰɔk,ɕ a + kʰ ɔ k,,
78,duhumbi,tosleep,min,m i n,,
79,duhumbi,small,ka-ti,k a + t i,,
80,duhumbi,smoke,bu-kʰu,b u + kʰ u,,
81,duhumbi,stand,kʰiŋ,kʰ i ŋ,,
82,duhumbi,star,kaɹma,k a ɹ m a,,
83,duhumbi,stonerock,luŋ,l u ŋ,,
84,duhumbi,sun,na-mi,n a + m i,,
85,duhumbi,sweet,jɔŋ-jɔŋ,j ɔ ŋ + j ɔ ŋ,,
86,duhumbi,tail,ɲɔj,ɲ ɔ j,,
87,duhumbi,totake,tʰɔn,tʰ ɔ n,,
88,duhumbi,thick,ɔ-tʰɛs,ɔ + tʰ ɛ s,,
89,duhumbi,this,ɔ-ʨʰi,ɔ + tɕʰ i,,
90,duhumbi,tongue,lɔj,l ɔ j,,
91,duhumbi,tooth,hin-tuŋ,h i n + t u ŋ,,
92,duhumbi,water,kʰow,kʰ o w,,
93,duhumbi,what,a-be,a + b e,,
94,duhumbi,white,jaŋ-kaɹ,j a ŋ + k a ɹ,,
95,duhumbi,who,mi,m i,,
96,duhumbi,wind,nam-suŋ,n a m + s u ŋ,,
97,duhumbi,wing,pɛmpu,p ɛ m p u,,
98,duhumbi,woman,ʥu-mu,dʑ u + m u,,
99,duhumbi,wood,ɕiŋ,ɕ i ŋ,,
100,duhumbi,yesterday,dɛj-ju,d ɛ j + j u,,
101,khispi,1sg,ga,g a,,
102,khispi,2sg,naŋ,n a ŋ,,
103,khispi,3sg,wuj,w u j,,
104,khispi,ant,kʰe-ʨʰɔk,kʰ e + tɕʰ ɔ k,,
105,khispi,armhand,hut,h u t,,
106,khispi,ash,ʨʰu-pʰa,tɕʰ u + pʰ a,,
107,khispi,big,ɔ-dɔk,ɔ + d ɔ k,,
108,khispi,bird,hwa,w̥ a,,
109,khispi,bite,zɛk,z ɛ k,,
110,khispi,bitter,ʨʰak-ba,tɕʰ a k + b a,,
111,khispi,black,u-ʨʰam,u + tɕʰ a m,,
112,khispi,blood,hɔj,h ɔ j,,
113,khispi,bone,ɕa-kʰus,ɕ a + kʰ u s,,
114,khispi,breast,ɲu,ɲ u,,
115,khispi,toburnit,haj,h a j,,
116,khispi,tocarryonback,bu,b u,,
117,khispi,cloud,tɔŋ-ti,t ɔ ŋ + t i,,
118,khispi,tocryweep,kʰip,kʰ i p,,
119,khispi,todie,i,i,,
120,khispi,todomake,li,l i,,
121,khispi,dog,wa-tʰi,w a + tʰ i,,
122,khispi,drink,ɲiŋ,ɲ i ŋ,,
123,khispi,dry,ɔ-wal,ɔ + w a l,,
124,khispi,ear,kʰu-tʰuŋ,kʰ u + tʰ u ŋ,,
125,khispi,eat,ʨʰa,tɕʰ a,,
126,khispi,egg,ɔ-gɔŋ,ɔ + g ɔ ŋ,,
127,khispi,eye,kʰu-mɔː,kʰ u + m ɔː,,
128,khispi,far,tʰa-u-liŋ,tʰ a + u + l i ŋ,,
129,khispi,fat,ɔ-ju,ɔ + j u,,
130,khispi,fingernail,hut-ʦin,h u t + ts i n,,
131,khispi,fire,bej,b e j,,
132,khispi,fish,ŋa,ŋ a,,
133,khispi,fleshmeat,ɕa,ɕ a,,
134,khispi,tofly,ɕɛl,ɕ ɛ l,,
135,khispi,full,pɕiŋ-ba,p ɕ i ŋ + b a,,
136,khispi,togive,ɕi,ɕ i,,
137,khispi,togo,wa,w a,,
138,khispi,good,nak-pa,n a k + p a,,
139,khispi,haironhead,kʰu-ɕaŋ,kʰ u + ɕ a ŋ,,
140,khispi,hard,kaktal,k a k t a l,,
141,khispi,head,kʰɔ-lɔk,kʰ ɔ + l ɔ k,,
142,khispi,tohear,kʰa la,kʰ a + l a,,
143,khispi,heavy,u-li,u + l i,,
144,khispi,tohide,uk,u k,,
145,khispi,tokill,at,a t,,
146,khispi,horn,kʰɛŋ,kʰ ɛ ŋ,,
147,khispi,house,wam,w a m,,
148,khispi,in,naŋ,n a ŋ,,
149,khispi,knee,kɔːlɔk-pa,k ɔː l ɔ k + p a,,
150,khispi,toknow,dɛn,d ɛ n,,
151,khispi,tolaugh,ʑej,ʑ e j,,
152,khispi,leaf,u-lap,u + l a p,,
153,khispi,legfoot,lej,l e j,,
154,khispi,liver,ɕap-ɕin,ɕ a p + ɕ i n,,
155,khispi,long,u-liŋ,u + l i ŋ,,
156,khispi,louse,hɛk,h ɛ k,,
157,khispi,moon,nam-ba,n a m + b a,,
158,khispi,mouth,hɔ-ʨɔ,h ɔ + tɕ ɔ,,
159,khispi,name,biŋ,b i ŋ,,
160,khispi,navel,bɔː-di,b ɔː + d i,,
161,khispi,neck,hɛn-tʰɔŋ,h ɛ n + tʰ ɔ ŋ,,
162,khispi,new,ɔ-han,ɔ + h a n,,
163,khispi,nose,hɛm-pʰɔŋ,h ɛ m + pʰ ɔ ŋ,,
164,khispi,not,ba-,b a,,
165,khispi,oldofthings,ɔ-mɛn,ɔ + m ɛ n,,
166,khispi,one,hin,h i n,,
167,khispi,path,huma,h u m a,,
168,khispi,rain,na-mu,n a + m u,,
169,khispi,red,ɔ-hɛk,ɔ + h ɛ k,,
170,khispi,root,hiŋŋa lej,h i ŋ ŋ a + l e j,,
171,khispi,torun,dul,d u l,,
172,khispi,salt,ha,h a,,
173,khispi,sand,beʦa,b e ts a,,
174,khispi,tosay,in,i n,,
175,khispi,tosee,aj,a j,,
176,khispi,tosit,ʥu,dʑ u,,
177,khispi,skinhide,ɕa-kʰɔk,ɕ a + kʰ ɔ k,,
178,khispi,tosleep,min,m i n,,
179,khispi,small,ɕa-da,ɕ a + d a,,
180,khispi,smoke,bu-kʰu,b u + kʰ u,,
181,khispi,stand,kʰiŋ,kʰ i ŋ,,
182,khispi,star,kalma,k a l m a,,
183,khispi,stonerock,luŋ,l u ŋ,,
184,khispi,sun,na-mi,n a + m i,,
185,khispi,sweet,ɔ-bej-da,ɔ + b e j + d a,,
186,khispi,tail,ɲuj,ɲ u j,,
187,khispi,totake,tʰɔn,tʰ ɔ n,,
188,khispi,thick,ɔ-tʰɛs,ɔ + tʰ ɛ s,,
189,khispi,this,u-ʨʰi,u + tɕʰ i,,
190,khispi,tongue,luj,l u j,,
191,khispi,tooth,ɕin-tuŋ,ɕ i n + t u ŋ,,
192,khispi,water,kʰaw,kʰ a w,,
193,khispi,what,a-be,a + b e,,
194,khispi,white,jaŋ-kal,j a ŋ + k a l,,
195,khispi,who,mi,m i,,
196,khispi,wind,nam-suŋ,n a m + s u ŋ,,
197,khispi,wing,ɲuj-pʰa,ɲ u j + pʰ a,,
198,khispi,woman,ʥu-mu,dʑ u + m u,,
199,khispi,wood,hiŋ,h i ŋ,,
200,khispi,yesterday,di-ju,d i + j u,,
201,rupa,1sg,gu,g u,,
202,rupa,2sg,naŋ,n a ŋ,,
203,rupa,3sg,wa,w a,,
204,rupa,ant,san-ʥɔk,s a n + dʑ ɔ k,,
205,rupa,armhand,ik,i k,,
206,rupa,ash,ʨʰa-pʰluː,tɕʰ a + pʰ l uː,,
207,rupa,big,a-dɔk,a + d ɔ k,,
208,rupa,bird,hu,h u,,
209,rupa,bite,zɛk,z ɛ k,,
210,rupa,bitter,ʨʰɐk,tɕʰ ɐ k,,
211,rupa,black,a-ʨʰũː,a + tɕʰ ũː,,
212,rupa,blood,haː,h aː,,
213,rupa,bone,s-kik,s + k i k,,
214,rupa,breast,ɲyŋ,ɲ y ŋ,,
215,rupa,toburnit,haː,h aː,,
216,rupa,tocarryonback,byː,b yː,,
217,rupa,cloud,s-ty,s + t y,,
218,rupa,tocryweep,kʰe,kʰ e,,
219,rupa,todie,iː,iː,,
220,rupa,todomake,ra,r a,,
221,rupa,dog,bə-tʰaː,b ə + tʰ aː,,
222,rupa,drink,liŋ,l i ŋ,,
223,rupa,dry,ɔ-ɔ̃ː,ɔ + ɔ̃ː,,
224,rupa,ear,gə-tʰyŋ,g ə + tʰ y ŋ,,
225,rupa,eat,ʦʰu,tsʰ u,,
226,rupa,egg,a-juŋ,a + j u ŋ,,
227,rupa,eye,kʰa-by,kʰ a + b y,,
228,rupa,far,a-ʨʰɔ̃ː,a + tɕʰ ɔ̃ː,,
229,rupa,fat,a-jɔː,a + j ɔː,,
230,rupa,fingernail,ik-ʦiŋ,i k + ts i ŋ,,
231,rupa,fire,ba,b a,,
232,rupa,fish,ɲu,ɲ u,,
233,rupa,fleshmeat,su,s u,,
234,rupa,tofly,ʨʰan,tɕʰ a n,,
235,rupa,full,pʰiŋ-ba,pʰ i ŋ + b a,,
236,rupa,togive,ʨʰi,tɕʰ i,,
237,rupa,togo,rɔ,r ɔ,,
238,rupa,good,a-ʥap,a + dʑ a p,,
239,rupa,haironhead,gə-zaŋ,g ə + z a ŋ,,
240,rupa,hard,a-ʨu,a + tɕ u,,
241,rupa,head,kʰ-ruk,kʰ + r u k,,
242,rupa,tohear,jɔ,j ɔ,,
243,rupa,heavy,a-liː,a + l iː,,
244,rupa,tohide,uk,u k,,
245,rupa,tokill,ɔ,ɔ,,
246,rupa,horn,kʰɛŋ,kʰ ɛ ŋ,,
247,rupa,house,jam,j a m,,
248,rupa,in,a-lyŋ,a + l y ŋ,,
249,rupa,knee,lə-pʰyk,l ə + pʰ y k,,
250,rupa,toknow,dan,d a n,,
251,rupa,tolaugh,zaː,z aː,,
252,rupa,leaf,a-lap,a + l a p,,
253,rupa,legfoot,la,l a,,
254,rupa,liver,a-ʦʰɛ̃ː,a + tsʰ ɛ̃ː,,
255,rupa,long,a-rɛŋ,a + r ɛ ŋ,,
256,rupa,louse,hɛk,h ɛ k,,
257,rupa,moon,nam-blu,n a m + b l u,,
258,rupa,mouth,nə-ʦʰaw,n ə + tsʰ a w,,
259,rupa,name,a-zɛŋ,a + z ɛ ŋ,,
260,rupa,navel,b-raː,b + r aː,,
261,rupa,neck,tʰuŋ-ʦɛ̃ː,tʰ u ŋ + ts ɛ̃ː,,
262,rupa,new,a-fan,a + f a n,,
263,rupa,nose,nə-pʰuŋ,n ə + pʰ u ŋ,,
264,rupa,not,bə-,b ə,,
265,rupa,oldofthings,a-man,a + m a n,,
266,rupa,one,han,h a n,,
267,rupa,path,ləmu,l ə m u,,
268,rupa,rain,nə-ʦʰuː,n ə + tsʰ uː,,
269,rupa,red,ə-hɛk,ə + h ɛ k,,
270,rupa,root,ə-hĩː,ə + h ĩː,,
271,rupa,torun,ʨʰaː,tɕʰ aː,,
272,rupa,salt,hũː,h ũː,,
273,rupa,sand,mə-kʰɔ,m ə + kʰ ɔ,,
274,rupa,tosay,am,a m,,
275,rupa,tosee,ɔː,ɔː,,
276,rupa,tosit,ʥau,dʑ au,,
277,rupa,skinhide,s-kuk,s + k u k,,
278,rupa,tosleep,ʥiŋ,dʑ i ŋ,,
279,rupa,small,a-ʨan-du,a + tɕ a n + d u,,
280,rupa,smoke,ba-kʰy,b a + kʰ y,,
281,rupa,stand,kʰĩː,kʰ ĩː,,
282,rupa,star,zyk,z y k,,
283,rupa,stonerock,lýŋ,l ý/y ŋ,,
284,rupa,sun,nə-nyː,n ə + n yː,,
285,rupa,sweet,a-ʨĩː,a + tɕ ĩː,,
286,rupa,tail,a-ɲaː,a + ɲ aː,,
287,rupa,totake,tʰøː,tʰ øː,,
288,rupa,thick,a-tʰat,a + tʰ a t,,
289,rupa,this,tʰwa,tʰ w a,,
290,rupa,tongue,laː-pʰɔ̃,l aː + pʰ ɔ̃,,
291,rupa,tooth,tɔkʨʰeː,t ɔ k tɕʰ eː,,
292,rupa,water,kʰoː,kʰ oː,,
293,rupa,what,musi aː,m u s i + aː,,
294,rupa,white,a-zɔ̃ː,a + z ɔ̃ː,,
295,rupa,who,ɲiː,ɲ iː,,
296,rupa,wind,nə-sɔm,n ə + s ɔ m,,
297,rupa,wing,nə-pʰaŋ,n ə + pʰ a ŋ,,
298,rupa,woman,ʥə-my,dʑ ə + m y,,
299,rupa,wood,hiŋ,h i ŋ,,
300,rupa,yesterday,di-jau,d i + j au,,
301,shergaon,1sg,gu,g u,,
302,shergaon,2sg,naŋ,n a ŋ,,
303,shergaon,3sg,wa,w a,,
304,shergaon,ant,san-ʥɔk,s a n + dʑ ɔ k,,
305,shergaon,armhand,ik,i k,,
306,shergaon,ash,ʨʰa-pʰuː,tɕʰ a + pʰ uː,,
307,shergaon,big,a-dɔk,a + d ɔ k,,
308,shergaon,bird,hu,h u,,
309,shergaon,bite,zɛk,z ɛ k,,
310,shergaon,bitter,a-ʨʰak,a + tɕʰ a k,,
311,shergaon,black,a-ʨʰɔ̃ː,a + tɕʰ ɔ̃ː,,
312,shergaon,blood,haː,h aː,,
313,shergaon,bone,s-kit,s + k i t,,
314,shergaon,breast,ɲuŋ,ɲ u ŋ,,
315,shergaon,toburnit,haː,h aː,,
316,shergaon,tocarryonback,byː,b yː,,
317,shergaon,cloud,sin-ty,s i n + t y,,
318,shergaon,tocryweep,kʰe,kʰ e,,
319,shergaon,todie,iː,iː,,
320,shergaon,todomake,ra,r a,,
321,shergaon,dog,pʰ-tʰaː,pʰ + tʰ aː,,
322,shergaon,drink,iŋ,i ŋ,,
323,shergaon,dry,ɔ-ɔ̃ː,ɔ + ɔ̃ː,,
324,shergaon,ear,kʰə-tʰuŋ-lap,kʰ ə + tʰ u ŋ + l a p,,
325,shergaon,eat,ʨʰu,tɕʰ u,,
326,shergaon,egg,kʰlɔm,kʰ l ɔ m,,
327,shergaon,eye,kʰi-biː,kʰ i + b iː,,
328,shergaon,far,a-ʨʰɔ̃ː,a + tɕʰ ɔ̃ː,,
329,shergaon,fat,a-jɔː,a + j ɔː,,
330,shergaon,fingernail,ik-ʨiŋ,i k + tɕ i ŋ,,
331,shergaon,fire,ba,b a,,
332,shergaon,fish,ɲu,ɲ u,,
333,shergaon,fleshmeat,su,s u,,
334,shergaon,tofly,ʨʰan,tɕʰ a n,,
335,shergaon,full,pʰiŋ-ba,pʰ i ŋ + b a,,
336,shergaon,togive,kʰji,kʰ j i,,
337,shergaon,togo,ro,r o,,
338,shergaon,good,a-ʥap,a + dʑ a p,,
339,shergaon,haironhead,gə-zaŋ,g ə + z a ŋ,,
340,shergaon,hard,a-ʨu,a + tɕ u,,
341,shergaon,head,kʰ-ruk,kʰ + r u k,,
342,shergaon,tohear,jo,j o,,
343,shergaon,heavy,a-liː,a + l iː,,
344,shergaon,tohide,uk,u k,,
345,shergaon,tokill,o,o,,
346,shergaon,horn,kʰɛŋ,kʰ ɛ ŋ,,
347,shergaon,house,jam,j a m,,
348,shergaon,in,a-luŋ,a + l u ŋ,,
349,shergaon,knee,kʰlɔk-puː,kʰ l ɔ k + p uː,,
350,shergaon,toknow,dan,d a n,,
351,shergaon,tolaugh,zaː,z aː,,
352,shergaon,leaf,a-lap,a + l a p,,
353,shergaon,legfoot,la,l a,,
354,shergaon,liver,a-ʨʰĩː,a + tɕʰ ĩː,,
355,shergaon,long,a-rɛŋ,a + r ɛ ŋ,,
356,shergaon,louse,hɛk,h ɛ k,,
357,shergaon,moon,nam-blu,n a m + b l u,,
358,shergaon,mouth,nə-ʨʰaw,n ə + tɕʰ a w,,
359,shergaon,name,a-zɛŋ,a + z ɛ ŋ,,
360,shergaon,navel,bu-ti-muː,b u + t i + m uː,,
361,shergaon,neck,takraː,t a k r aː,,
362,shergaon,new,u-fan,u + f a n,,
363,shergaon,nose,nə-pʰuŋ,n ə + pʰ u ŋ,,
364,shergaon,not,bə-,b ə,,
365,shergaon,oldofthings,a-man,a + m a n,,
366,shergaon,one,han,h a n,,
367,shergaon,path,ləmu,l ə m u,,
368,shergaon,rain,ɲi-mi,ɲ i + m i,,
369,shergaon,red,ə-hɛk,ə + h ɛ k,,
370,shergaon,root,ra-bɔː,r a + b ɔː,,
371,shergaon,torun,ʨʰaː,tɕʰ aː,,
372,shergaon,salt,huŋ,h u ŋ,,
373,shergaon,sand,beʦɔ,b e ts ɔ,,
374,shergaon,tosay,am,a m,,
375,shergaon,tosee,ɔː,ɔː,,
376,shergaon,tosit,ʥau,dʑ au,,
377,shergaon,skinhide,s-kuk,s + k u k,,
378,shergaon,tosleep,ʥin,dʑ i n,,
379,shergaon,small,a-ʨan-du,a + tɕ a n + d u,,
380,shergaon,smoke,ba-kʰy,b a + kʰ y,,
381,shergaon,stand,kʰĩː,kʰ ĩː,,
382,shergaon,star,ʨʰu-zuk,tɕʰ u + z u k,,
383,shergaon,stonerock,luŋ,l u ŋ,,
384,shergaon,sun,nə-niː,n ə + n iː,,
385,shergaon,sweet,a-ʨĩː,a + tɕ ĩː,,
386,shergaon,tail,a-ɲaː,a + ɲ aː,,
387,shergaon,totake,tʰɛː,tʰ ɛː,,
388,shergaon,thick,a-tʰɛt,a + tʰ ɛ t,,
389,shergaon,this,tʰa,tʰ a,,
390,shergaon,tongue,laː,l aː,,
391,shergaon,tooth,nə-tʰuŋ,n ə + tʰ u ŋ,,
392,shergaon,water,kʰoː,kʰ oː,,
393,shergaon,what,mə-raː,m ə + r aː,,
394,shergaon,white,a-zɔ̃ː,a + z ɔ̃ː,,
395,shergaon,who,ɲiː,ɲ iː,,
396,shergaon,wind,nə-sɔm,n ə + s ɔ m,,
397,shergaon,wing,lə-pʰaŋ,l ə + pʰ a ŋ,,
398,shergaon,woman,ʥə-mi,dʑ ə + m i,,
399,shergaon,wood,hiŋ,h i ŋ,,
400,rahung,1sg,gu,g u,,
401,rahung,2sg,naŋ,n a ŋ,,
402,rahung,3sg,hɛ ~ ʔɛ,h ɛ,,
403,rahung,3sg,hɛ ~ ʔɛ,ʔ ɛ,,
404,rahung,ant,saŋ-ʥɔk,s a ŋ + dʑ ɔ k,,
405,rahung,armhand,ik,i k,,
406,rahung,ash,ʨʰa-pʰluː,tɕʰ a + pʰ l uː,,
407,rahung,big,a-dɔk,a + d ɔ k,,
408,rahung,bird,hu,h u,,
409,rahung,bite,zɛk,z ɛ k,,
410,rahung,bitter,ʨʰak,tɕʰ a k,,
411,rahung,black,a-ʨʰũː,a + tɕʰ ũː,,
412,rahung,blood,hɛː,h ɛː,,
413,rahung,bone,s-kik,s + k i k,,
414,rahung,breast,nyŋ,n y ŋ,,
415,rahung,toburnit,hɛː,h ɛː,,
416,rahung,tocarryonback,byː,b yː,,
417,rahung,cloud,syn-ty,s y n + t y,,
418,rahung,tocryweep,ʨʰe,tɕʰ e,,
419,rahung,todie,iː,iː,,
420,rahung,todomake,rɛ ~ ra,r ɛ,,
421,rahung,todomake,rɛ ~ ra,r a,,
422,rahung,dog,pʰ-tʰɛː,pʰ + tʰ ɛː,,
423,rahung,drink,liŋ,l i ŋ,,
424,rahung,dry,ɔ-ɔ̃ː,ɔ + ɔ̃ː,,
425,rahung,ear,kʰ-tʰyŋ,kʰ + tʰ y ŋ,,
426,rahung,eat,ʨʰu,tɕʰ u,,
427,rahung,egg,a-juŋ,a + j u ŋ,,
428,rahung,eye,kʰa-by,kʰ a + b y,,
429,rahung,far,a-ʨʰɔ̃ː,a + tɕʰ ɔ̃ː,,
430,rahung,fat,a-jɔw,a + j ɔ w,,
431,rahung,fingernail,ik-ʨiŋ,i k + tɕ i ŋ,,
432,rahung,fire,bɛ,b ɛ,,
433,rahung,fish,nu,n u,,
434,rahung,fleshmeat,su,s u,,
435,rahung,tofly,ʨʰɛm,tɕʰ ɛ m,,
436,rahung,full,a-pʰiŋ,a + pʰ i ŋ,,
437,rahung,togive,ʨʰi,tɕʰ i,,
438,rahung,togo,rɔ,r ɔ,,
439,rahung,good,a-ʥap,a + dʑ a p,,
440,rahung,haironhead,gə-zaŋ,g ə + z a ŋ,,
441,rahung,hard,a-ʨu,a + tɕ u,,
442,rahung,head,kʰ-ruk,kʰ + r u k,,
443,rahung,tohear,jɔ̃,j ɔ̃,,
444,rahung,heavy,a-liː,a + l iː,,
445,rahung,tohide,uk,u k,,
446,rahung,tokill,ɔ,ɔ,,
447,rahung,horn,ʨʰɛŋ,tɕʰ ɛ ŋ,,
448,rahung,house,jam,j a m,,
449,rahung,in,a-lyŋ,a + l y ŋ,,
450,rahung,knee,la-pʰik kʰɔm,l a + pʰ i k + kʰ ɔ m,,
451,rahung,toknow,dɛn,d ɛ n,,
452,rahung,tolaugh,zɛː,z ɛː,,
453,rahung,leaf,a-rap,a + r a p,,
454,rahung,legfoot,lɛ,l ɛ,,
455,rahung,liver,a-ʨʰĩː,a + tɕʰ ĩː,,
456,rahung,long,a-rɛŋ,a + r ɛ ŋ,,
457,rahung,louse,hɛk,h ɛ k,,
458,rahung,moon,nam-bru,n a m + b r u,,
459,rahung,mouth,ʨʰə-ʨʰoː,tɕʰ ə + tɕʰ oː,,
460,rahung,name,a-ʥɛŋ,a + dʑ ɛ ŋ,,
461,rahung,navel,b-rɛː,b + r ɛː,,
462,rahung,neck,pʰ-tʰuŋ,pʰ + tʰ u ŋ,,
463,rahung,new,a-hɛn,a + h ɛ n,,
464,rahung,nose,ma-pʰuŋ,m a + pʰ u ŋ,,
465,rahung,not,bə-,b ə,,
466,rahung,oldofthings,a-mɛn,a + m ɛ n,,
467,rahung,one,hɛn,h ɛ n,,
468,rahung,path,lym,l y m,,
469,rahung,rain,pʰ-ʨʰu,pʰ + tɕʰ u,,
470,rahung,red,ə-hɛk,ə + h ɛ k,,
471,rahung,root,i-hĩː,i + h ĩː,,
472,rahung,torun,ʨɛː,tɕ ɛː,,
473,rahung,salt,hũŋ,h ũ ŋ,,
474,rahung,sand,kʰə-bɔ,kʰ ə + b ɔ,,
475,rahung,tosay,an,a n,,
476,rahung,tosee,ɔː,ɔː,,
477,rahung,tosit,ʥo,dʑ o,,
478,rahung,skinhide,s-kuk,s + k u k,,
479,rahung,tosleep,ʥiŋ,dʑ i ŋ,,
480,rahung,small,ʨɔ̃ː-du,tɕ ɔ̃ː + d u,,
481,rahung,smoke,ba-kʰy,b a + kʰ y,,
482,rahung,stand,ʨʰĩː,tɕʰ ĩː,,
483,rahung,star,ʨʰyŋ-zyk,tɕʰ y ŋ + z y k,,
484,rahung,stonerock,rýŋ,r ý/y ŋ,,
485,rahung,sun,nə-miː,n ə + m iː,,
486,rahung,sweet,ʨĩː,tɕ ĩː,,
487,rahung,tail,a-nɛʰ,a + n ɛʰ/ɛ,,
488,rahung,totake,tʰɛn,tʰ ɛ n,,
489,rahung,thick,a-tʰɛ,a + tʰ ɛ,,
490,rahung,this,tʰə,tʰ ə,,
491,rahung,tongue,lɛː,l ɛː,,
492,rahung,tooth,pʰ-tʰyŋ,pʰ + tʰ y ŋ,,
493,rahung,water,kʰoː ~ kʰow,kʰ oː,,
494,rahung,water,kʰoː ~ kʰow,kʰ o w,,
495,rahung,what,pʰ-ʨʰɔ̃ː waː,pʰ + tɕʰ ɔ̃ː + w aː,,
496,rahung,white,a-zɔ̃ː,a + z ɔ̃ː,,
497,rahung,who,miː,m iː,,
498,rahung,wind,p-søm,p + s ø m,,
499,rahung,wing,mə-pʰaŋ,m ə + pʰ a ŋ,,
500,rahung,woman,ʥə-my,dʑ ə + m y,,
501,rahung,wood,hiŋ,h i ŋ,,
502,rahung,yesterday,ʥɔ-hɔː ~ ʥoː,dʑ ɔ + h ɔː,,
503,rahung,yesterday,ʥɔ-hɔː ~ ʥoː,dʑ oː,,
504,khoitam,1sg,gu,g u,,
505,khoitam,2sg,naŋ,n a ŋ,,
506,khoitam,3sg,wa-ʥi,w a + dʑ i,,
507,khoitam,ant,saŋ-ʥɔk,s a ŋ + dʑ ɔ k,,
508,khoitam,armhand,ik,i k,,
509,khoitam,ash,ʨʰa-pʰluː,tɕʰ a + pʰ l uː,,
510,khoitam,big,a-dɔk,a + d ɔ k,,
511,khoitam,bird,hu,h u,,
512,khoitam,bite,zɛk,z ɛ k,,
513,khoitam,bitter,ʨʰak,tɕʰ a k,,
514,khoitam,black,a-ʨʰũː,a + tɕʰ ũː,,
515,khoitam,blood,hɛː,h ɛː,,
516,khoitam,bone,sə-kik ~ s-kik,s ə + k i k,,
517,khoitam,bone,sə-kik ~ s-kik,s + k i k,,
518,khoitam,breast,nyŋ,n y ŋ,,
519,khoitam,toburnit,hɛː,h ɛː,,
520,khoitam,tocarryonback,byː,b yː,,
521,khoitam,cloud,syŋ-ty,s y ŋ + t y,,
522,khoitam,tocryweep,ʨʰe,tɕʰ e,,
523,khoitam,todie,iː,iː,,
524,khoitam,todomake,rɛ,r ɛ,,
525,khoitam,dog,pʰ-tʰɛː,pʰ + tʰ ɛː,,
526,khoitam,drink,liŋ,l i ŋ,,
527,khoitam,dry,yk-ãː,y k + ãː,,
528,khoitam,ear,kʰ-tʰyŋ,kʰ + tʰ y ŋ,,
529,khoitam,eat,ʨʰu,tɕʰ u,,
530,khoitam,egg,a-juŋ,a + j u ŋ,,
531,khoitam,eye,kʰa-by,kʰ a + b y,,
532,khoitam,far,a-ʨʰɔ̃ː,a + tɕʰ ɔ̃ː,,
533,khoitam,fat,a-jɔː,a + j ɔː,,
534,khoitam,fingernail,ik-ʦiŋ,i k + ts i ŋ,,
535,khoitam,fire,bɛ,b ɛ,,
536,khoitam,fish,nu,n u,,
537,khoitam,fleshmeat,su,s u,,
538,khoitam,tofly,ʨʰan,tɕʰ a n,,
539,khoitam,full,a-pʰiŋ,a + pʰ i ŋ,,
540,khoitam,togive,ʨʰi,tɕʰ i,,
541,khoitam,togo,rɔ,r ɔ,,
542,khoitam,good,a-ʥap,a + dʑ a p,,
543,khoitam,haironhead,gə-zaŋ,g ə + z a ŋ,,
544,khoitam,hard,a-ʨu,a + tɕ u,,
545,khoitam,head,kʰ-ruk,kʰ + r u k,,
546,khoitam,tohear,jɔ̃,j ɔ̃,,
547,khoitam,heavy,a-liː,a + l iː,,
548,khoitam,tohide,uk,u k,,
549,khoitam,tokill,ɔ,ɔ,,
550,khoitam,horn,ʨʰɛŋ,tɕʰ ɛ ŋ,,
551,khoitam,house,jam,j a m,,
552,khoitam,in,a-lyŋ,a + l y ŋ,,
553,khoitam,knee,lə-pʰik kʰɔm,l ə + pʰ i k + kʰ ɔ m,,
554,khoitam,toknow,dɛn,d ɛ n,,
555,khoitam,tolaugh,zɛː,z ɛː,,
556,khoitam,leaf,a-rap,a + r a p,,
557,khoitam,legfoot,lɛ,l ɛ,,
558,khoitam,liver,sə-sĩː,s ə + s ĩː,,
559,khoitam,long,a-rɛŋ,a + r ɛ ŋ,,
560,khoitam,louse,hɛk,h ɛ k,,
561,khoitam,moon,nam-blu,n a m + b l u,,
562,khoitam,mouth,ʨʰə-sɔː,tɕʰ ə + s ɔː,,
563,khoitam,name,a-ʥɛŋ,a + dʑ ɛ ŋ,,
564,khoitam,navel,b-rɛː,b + r ɛː,,
565,khoitam,neck,nə-tʰuŋ,n ə + tʰ u ŋ,,
566,khoitam,new,a-fan,a + f a n,,
567,khoitam,nose,nə-pʰuŋ,n ə + pʰ u ŋ,,
568,khoitam,not,bə-,b ə,,
569,khoitam,oldofthings,a-man,a + m a n,,
570,khoitam,one,han,h a n,,
571,khoitam,path,lym,l y m,,
572,khoitam,rain,nə-ʨʰu,n ə + tɕʰ u,,
573,khoitam,red,ə-hɛk,ə + h ɛ k,,
574,khoitam,root,a-hĩː,a + h ĩː,,
575,khoitam,torun,riŋ,r i ŋ,,
576,khoitam,salt,huŋ,h u ŋ,,
577,khoitam,sand,kʰə-pʰɔ,kʰ ə + pʰ ɔ,,
578,khoitam,tosay,an,a n,,
579,khoitam,tosee,nũː (-ʨʰi),n ũː,,
580,khoitam,tosit,ʥɔː,dʑ ɔː,,
581,khoitam,skinhide,s-kuk,s + k u k,,
582,khoitam,tosleep,ʥiŋ,dʑ i ŋ,,
583,khoitam,small,a-ʥan-du,a + dʑ a n + d u,,
584,khoitam,smoke,ba-kʰy,b a + kʰ y,,
585,khoitam,stand,ʨʰĩː,tɕʰ ĩː,,
586,khoitam,star,ʨʰyŋ-zyk,tɕʰ y ŋ + z y k,,
587,khoitam,stonerock,rýŋ,r ý/y ŋ,,
588,khoitam,sun,nə-miː,n ə + m iː,,
589,khoitam,sweet,ʨĩː,tɕ ĩː,,
590,khoitam,tail,a-nɛʰ,a + n ɛʰ/ɛ,,
591,khoitam,totake,tʰĩː,tʰ ĩː,,
592,khoitam,thick,a-tʰɛ,a + tʰ ɛ,,
593,khoitam,this,tʰɛː,tʰ ɛː,,
594,khoitam,tongue,lɛː,l ɛː,,
595,khoitam,tooth,nə-tʰyŋ,n ə + tʰ y ŋ,,
596,khoitam,water,kʰɔː ~ kʰoː,kʰ ɔː,,
597,khoitam,water,kʰɔː ~ kʰoː,kʰ oː,,
598,khoitam,what,a-ti jaː,a + t i + j aː,,
599,khoitam,white,a-zɔ̃ː,a + z ɔ̃ː,,
600,khoitam,who,miː,m iː,,
601,khoitam,wind,ny-sɔm,n y + s ɔ m,,
602,khoitam,wing,nə-pʰaŋ,n ə + pʰ a ŋ,,
603,khoitam,woman,ʥə-my,dʑ ə + m y,,
604,khoitam,wood,hiŋ,h i ŋ,,
605,khoitam,yesterday,ʥy-jɔː,dʑ y + j ɔː,,
606,jerigaon,1sg,gu,g u,,
607,jerigaon,2sg,naŋ,n a ŋ,,
608,jerigaon,3sg,wa,w a,,
609,jerigaon,ant,san-ʥɔk,s a n + dʑ ɔ k,,
610,jerigaon,armhand,ik,i k,,
611,jerigaon,ash,ʨʰa-pʰluː,tɕʰ a + pʰ l uː,,
612,jerigaon,big,a-dɔk,a + d ɔ k,,
613,jerigaon,bird,hu,h u,,
614,jerigaon,bite,zɛk,z ɛ k,,
615,jerigaon,bitter,ʨʰak,tɕʰ a k,,
616,jerigaon,black,a-ʨʰũː,a + tɕʰ ũː,,
617,jerigaon,blood,hɛː,h ɛː,,
618,jerigaon,bone,i-hik,i + h i k,,
619,jerigaon,breast,nyŋ,n y ŋ,,
620,jerigaon,toburnit,hɛː,h ɛː,,
621,jerigaon,tocarryonback,byː,b yː,,
622,jerigaon,cloud,s-ty,s + t y,,
623,jerigaon,tocryweep,ʨʰe,tɕʰ e,,
624,jerigaon,todie,iː,iː,,
625,jerigaon,todomake,ra,r a,,
626,jerigaon,dog,pʰ-tʰɛː,pʰ + tʰ ɛː,,
627,jerigaon,drink,liŋ,l i ŋ,,
628,jerigaon,dry,yk-ãː,y k + ãː,,
629,jerigaon,ear,kʰ-tʰyŋ-lɛ,kʰ + tʰ y ŋ + l ɛ,,
630,jerigaon,eat,ʨʰu,tɕʰ u,,
631,jerigaon,egg,a-juŋ,a + j u ŋ,,
632,jerigaon,eye,kʰa-by,kʰ a + b y,,
633,jerigaon,far,a-ʨʰãː,a + tɕʰ ãː,,
634,jerigaon,fat,a-jɔː,a + j ɔː,,
635,jerigaon,fingernail,ik-ʨʰiŋ,i k + tɕʰ i ŋ,,
636,jerigaon,fire,bɛ,b ɛ,,
637,jerigaon,fish,nu,n u,,
638,jerigaon,fleshmeat,su,s u,,
639,jerigaon,tofly,ʨʰɛn,tɕʰ ɛ n,,
640,jerigaon,full,a-pʰiŋ,a + pʰ i ŋ,,
641,jerigaon,togive,ʨʰi,tɕʰ i,,
642,jerigaon,togo,rɔ,r ɔ,,
643,jerigaon,good,a-ʥɛ,a + dʑ ɛ,,
644,jerigaon,haironhead,gə-zaŋ,g ə + z a ŋ,,
645,jerigaon,hard,a-ʨu,a + tɕ u,,
646,jerigaon,head,kʰ-ruk,kʰ + r u k,,
647,jerigaon,tohear,jɔ̃,j ɔ̃,,
648,jerigaon,heavy,a-liː,a + l iː,,
649,jerigaon,tohide,uk,u k,,
650,jerigaon,tokill,ɔ,ɔ,,
651,jerigaon,horn,ʨʰɛŋ,tɕʰ ɛ ŋ,,
652,jerigaon,house,jan ~ jɛn,j a n,,
653,jerigaon,house,jan ~ jɛn,j ɛ n,,
654,jerigaon,in,a-lyŋ,a + l y ŋ,,
655,jerigaon,knee,la-pʰyk kriː,l a + pʰ y k + k r iː,,
656,jerigaon,toknow,dɛn,d ɛ n,,
657,jerigaon,tolaugh,zɛː,z ɛː,,
658,jerigaon,leaf,a-lɛ,a + l ɛ,,
659,jerigaon,legfoot,lɛ,l ɛ,,
660,jerigaon,liver,sɛ̃j ~ sɛ̃ĩ,s ɛ̃ j,,
661,jerigaon,liver,sɛ̃j ~ sɛ̃ĩ,s ɛ̃ ĩ,,
662,jerigaon,long,a-rɛŋ,a + r ɛ ŋ,,
663,jerigaon,louse,hɛ,h ɛ,,
664,jerigaon,moon,nam-blu,n a m + b l u,,
665,jerigaon,mouth,sɔː,s ɔː,,
666,jerigaon,name,a-ʥɛŋ,a + dʑ ɛ ŋ,,
667,jerigaon,navel,b-raː,b + r aː,,
668,jerigaon,new,ə-hɛn,ə + h ɛ n,,
669,jerigaon,nose,nə-pʰuŋ,n ə + pʰ u ŋ,,
670,jerigaon,not,bə-,b ə,,
671,jerigaon,oldofthings,a-mɛn,a + m ɛ n,,
672,jerigaon,one,hɛn,h ɛ n,,
673,jerigaon,path,hamu,h a m u,,
674,jerigaon,rain,nə-ʨʰu,n ə + tɕʰ u,,
675,jerigaon,red,ə-hɛk,ə + h ɛ k,,
676,jerigaon,root,i-hĩː,i + h ĩː,,
677,jerigaon,torun,lɛ ʔikʰɛn,l ɛ + ʔ i kʰ ɛ n,,
678,jerigaon,salt,huŋ,h u ŋ,,
679,jerigaon,sand,kʰ-pʰa,kʰ + pʰ a,,
680,jerigaon,tosay,ɛn,ɛ n,,
681,jerigaon,tosit,ʥɔː,dʑ ɔː,,
682,jerigaon,skinhide,s-kuk,s + k u k,,
683,jerigaon,tosleep,ʥiŋ,dʑ i ŋ,,
684,jerigaon,small,a-du-du,a + d u + d u,,
685,jerigaon,smoke,ba-kʰy,b a + kʰ y,,
686,jerigaon,stand,ʨʰĩː,tɕʰ ĩː,,
687,jerigaon,star,də-zyk,d ə + z y k,,
688,jerigaon,stonerock,lýŋ,l ý/y ŋ,,
689,jerigaon,sun,nə-nyː,n ə + n yː,,
690,jerigaon,sweet,a-blã,a + b l ã,,
691,jerigaon,tail,a-nɛʰ,a + n ɛʰ/ɛ,,
692,jerigaon,totake,tʰøː(n),tʰ øː,,
693,jerigaon,thick,a-tʰɛ,a + tʰ ɛ,,
694,jerigaon,this,tʰaː,tʰ aː,,
695,jerigaon,tongue,lɛː,l ɛː,,
696,jerigaon,tooth,nə-tʰyŋ,n ə + tʰ y ŋ,,
697,jerigaon,water,kʰɔː,kʰ ɔː,,
698,jerigaon,what,mə-tiː ja,m ə + t iː + j a,,
699,jerigaon,white,a-zãː,a + z ãː,,
700,jerigaon,who,niː,n iː,,
701,jerigaon,wind,nə-søn,n ə + s ø n,,
702,jerigaon,wing,ny-pʰaŋ,n y + pʰ a ŋ,,
703,jerigaon,woman,ʥə-my,dʑ ə + m y,,
704,jerigaon,wood,hiŋ,h i ŋ,,
705,jerigaon,yesterday,dy-jɔː,d y + j ɔː,,
706,khoina,1sg,gu,g u,,
707,khoina,2sg,naŋ,n a ŋ,,
708,khoina,3sg,laŋ-wa,l a ŋ + w a,,
709,khoina,ant,ʂan-ʥɔk,ʂ a n + dʑ ɔ k,,
710,khoina,armhand,ik,i k,,
711,khoina,ash,ʥɐ-pʰluː,dʑ ɐ + pʰ l uː,,
712,khoina,big,a-dɔk,a + d ɔ k,,
713,khoina,bird,fu,f u,,
714,khoina,bitter,a-ʨʰak,a + tɕʰ a k,,
715,khoina,black,a-tʂʰũː,a + ʈʂʰ ũː,,
716,khoina,blood,xaː,x aː,,
717,khoina,bone,a-xyk,a + x y k,,
718,khoina,breast,nyŋ,n y ŋ,,
719,khoina,toburnit,haː,h aː,,
720,khoina,tocarryonback,byː,b yː,,
721,khoina,cloud,ɕ-tỹ,ɕ + t ỹ,,
722,khoina,tocryweep,tʂʰe,ʈʂʰ e,,
723,khoina,todie,iː,iː,,
724,khoina,todomake,ra,r a,,
725,khoina,dog,bə-tʰaː,b ə + tʰ aː,,
726,khoina,drink,lyŋ,l y ŋ,,
727,khoina,dry,ɔ-ɔ̃ː,ɔ + ɔ̃ː,,
728,khoina,ear,ga-tʰyŋ,g a + tʰ y ŋ,,
729,khoina,eat,ʦʰu,tsʰ u,,
730,khoina,egg,a-juŋ,a + j u ŋ,,
731,khoina,eye,ga-by,g a + b y,,
732,khoina,far,a-ʨʰɔ̃ː,a + tɕʰ ɔ̃ː,,
733,khoina,fat,a-jɔː,a + j ɔː,,
734,khoina,fingernail,ik-ʦiŋ,i k + ts i ŋ,,
735,khoina,fire,ba,b a,,
736,khoina,fish,nu,n u,,
737,khoina,fleshmeat,ʂu,ʂ u,,
738,khoina,tofly,ʦʰɛn,tsʰ ɛ n,,
739,khoina,full,a-pʰiŋ,a + pʰ i ŋ,,
740,khoina,togive,ʦʰi,tsʰ i,,
741,khoina,togo,rɔ,r ɔ,,
742,khoina,good,a-dʐa,a + d ʐ a,,
743,khoina,haironhead,gə-ʐaŋ,g ə + ʐ a ŋ,,
744,khoina,hard,a-xãŋ,a + x ã ŋ,,
745,khoina,head,mə-tʰɛ̃n,m ə + tʰ ɛ̃ n,,
746,khoina,tohear,jɔ̃,j ɔ̃,,
747,khoina,heavy,a-liː,a + l iː,,
748,khoina,tohide,uk,u k,,
749,khoina,tokill,ɔ,ɔ,,
750,khoina,horn,tʂʰajŋ,ʈʂʰ a j ŋ,,
751,khoina,house,jan,j a n,,
752,khoina,in,a-lyŋ,a + l y ŋ,,
753,khoina,knee,ja-pʰyk kraː,j a + pʰ y k + k r aː,,
754,khoina,toknow,dɛn,d ɛ n,,
755,khoina,tolaugh,ʐaː,ʐ aː,,
756,khoina,leaf,a-laʔ,a + l a ʔ,,
757,khoina,legfoot,la,l a,,
758,khoina,liver,də-ʨɛ̃ː,d ə + tɕ ɛ̃ː,,
759,khoina,long,a-rɛŋ,a + r ɛ ŋ,,
760,khoina,louse,xɛk,x ɛ k,,
761,khoina,moon,nam-blu,n a m + b l u,,
762,khoina,mouth,də-ʦʰɛː,d ə + tsʰ ɛː,,
763,khoina,name,a-ʣɛŋ,a + dz ɛ ŋ,,
764,khoina,navel,b-raː,b + r aː,,
765,khoina,neck,nə-tu-xĩː,n ə + t u + x ĩː,,
766,khoina,new,a-fɛn,a + f ɛ n,,
767,khoina,nose,nə-pʰuŋ,n ə + pʰ u ŋ,,
768,khoina,not,bə-,b ə,,
769,khoina,oldofthings,a-mɛn,a + m ɛ n,,
770,khoina,one,hɛn,h ɛ n,,
771,khoina,path,ham,h a m,,
772,khoina,rain,naː-ʦʰu,n aː + tsʰ u,,
773,khoina,red,a-xɛk,a + x ɛ k,,
774,khoina,root,a-xĩː,a + x ĩː,,
775,khoina,torun,ʦʰɔː,tsʰ ɔː,,
776,khoina,salt,hũː,h ũː,,
777,khoina,sand,gə-pʰa,g ə + pʰ a,,
778,khoina,tosay,ɛn,ɛ n,,
779,khoina,tosee,nɔ̃ː-ʨʰi,n ɔ̃ː + tɕʰ i,,
780,khoina,tosit,ʣɔː,dz ɔː,,
781,khoina,skinhide,ʂ-kʰuk,ʂ + kʰ u k,,
782,khoina,tosleep,ʣiŋ,dz i ŋ,,
783,khoina,small,a-ʥãn-du,a + dʑ ã n + d u,,
784,khoina,smoke,ba-kʰy,b a + kʰ y,,
785,khoina,stand,tʂʰĩː,ʈʂʰ ĩː,,
786,khoina,star,dy-ʐyk,d y + ʐ y k,,
787,khoina,stonerock,lýŋ,l ý/y ŋ,,
788,khoina,sun,naː-nyː,n aː + n yː,,
789,khoina,sweet,a-ʦĩː,a + ts ĩː,,
790,khoina,tail,a-naːʰ,a + n aː,,
791,khoina,totake,tʰøː,tʰ øː,,
792,khoina,thick,a-tʰɛ,a + tʰ ɛ,,
793,khoina,this,tʰaː,tʰ aː,,
794,khoina,tongue,laː,l aː,,
795,khoina,tooth,ny-tʰyŋ,n y + tʰ y ŋ,,
796,khoina,water,kʰɔː,kʰ ɔː,,
797,khoina,what,mə-tiː ja,m ə + t iː + j a,,
798,khoina,white,a-zãː,a + z ãː,,
799,khoina,who,niː,n iː,,
800,khoina,wind,na-søn,n a + s ø n,,
801,khoina,wing,ny-pʰaŋ,n y + pʰ a ŋ,,
802,khoina,woman,ʥə-my,dʑ ə + m y,,
803,khoina,wood,hiŋ,h i ŋ,,
804,khoina,yesterday,dy-jɔː,d y + j ɔː,,
805,dikhyang,1sg,koː,k oː,,
806,dikhyang,2sg,nɔ̃,n ɔ̃,,
807,dikhyang,3sg,oɛ,o ɛ,,
808,dikhyang,ant,ɕi-ɲiŋ,ɕ i + ɲ i ŋ,,
809,dikhyang,armhand,wat,w a t,,
810,dikhyang,ash,sə-pʰiə,s ə + pʰ iə,,
811,dikhyang,big,ə-põː,ə + p õː,,
812,dikhyang,bird,fuə,f uə,,
813,dikhyang,bite,kʰrik,kʰ r i k,,
814,dikhyang,bitter,ə-kʰoː,ə + kʰ oː,,
815,dikhyang,black,ə-sai,ə + s ai,,
816,dikhyang,blood,ə-fuɛ,ə + f uɛ,,
817,dikhyang,bone,ə-sɛŋ ~ ə-zɛŋ,ə + s ɛ ŋ,,
818,dikhyang,bone,ə-sɛŋ ~ ə-zɛŋ,ə + z ɛ ŋ,,
819,dikhyang,breast,ɲeoː,ɲ eoː,,
820,dikhyang,toburnit,hõːe,h õːe,,
821,dikhyang,tocarryonback,hán,h á n,,
822,dikhyang,cloud,sə-kʰa-mau,s ə + kʰ a + m au,,
823,dikhyang,tocryweep,ʨõ,tɕ õ,,
824,dikhyang,todie,iː,iː,,
825,dikhyang,todomake,rjɛt,r j ɛ t,,
826,dikhyang,dog,ʨɔi,tɕ ɔi,,
827,dikhyang,drink,naŋ,n a ŋ,,
828,dikhyang,dry,ə-kau,ə + k au,,
829,dikhyang,ear,kʰɔ̃,kʰ ɔ̃,,
830,dikhyang,eat,ʦiə,ts iə,,
831,dikhyang,egg,ə-riː,ə + r iː,,
832,dikhyang,eye,miɛk ~ mjɛk,m iɛ k,,
833,dikhyang,eye,miɛk ~ mjɛk,m j ɛ k,,
834,dikhyang,far,rɛʔɛ ruaŋ,r ɛ ʔ ɛ + r ua ŋ,,
835,dikhyang,fat,ə-jou,ə + j ou,,
836,dikhyang,fingernail,bə-sɛn,b ə + s ɛ n,,
837,dikhyang,fire,boːɛ,b oːɛ,,
838,dikhyang,fish,ũə,ũə,,
839,dikhyang,fleshmeat,eː-ɕau ~ ə-ɕau,eː + ɕ au,,
840,dikhyang,fleshmeat,eː-ɕau ~ ə-ɕau,ə + ɕ au,,
841,dikhyang,tofly,mə-ʦo,m ə + ts o,,
842,dikhyang,full,ə-li-jeː,ə + l i + j eː,,
843,dikhyang,togive,pʰi,pʰ i,,
844,dikhyang,togo,wuə,w uə,,
845,dikhyang,good,ə-viə,ə + v iə,,
846,dikhyang,haironhead,kʰa-zijɔŋ,kʰ a + z i j ɔ ŋ,,
847,dikhyang,hard,ə-kɔŋ,ə + k ɔ ŋ,,
848,dikhyang,head,kʰruk,kʰ r u k,,
849,dikhyang,tohear,jɔi,j ɔi,,
850,dikhyang,heavy,ə-lai,ə + l ai,,
851,dikhyang,tohide,uk,u k,,
852,dikhyang,tokill,uːə,uːə,,
853,dikhyang,horn,ə-riɔŋ,ə + r iɔ ŋ,,
854,dikhyang,house,hõ,h õ,,
855,dikhyang,in,pʨʰau,p tɕʰ au,,
856,dikhyang,knee,laː-gjuŋ,l aː + g j u ŋ,,
857,dikhyang,toknow,ĩt,ĩ t,,
858,dikhyang,tolaugh,sjɔk,s j ɔ k,,
859,dikhyang,leaf,ə-rap,ə + r a p,,
860,dikhyang,legfoot,loɛ,l oɛ,,
861,dikhyang,liver,ə-pʰin,ə + pʰ i n,,
862,dikhyang,long,ə-pʰjaŋ,ə + pʰ j a ŋ,,
863,dikhyang,moon,haː-bieː,h aː + b ieː,,
864,dikhyang,mouth,siam,s ia m,,
865,dikhyang,name,ə-bɛŋ,ə + b ɛ ŋ,,
866,dikhyang,navel,bu-rui,b u + r ui,,
867,dikhyang,neck,raguŋ ju-ŋã,r a g u ŋ + j u + ŋ ã,,
868,dikhyang,new,ə-vɔ̃,ə + v ɔ̃,,
869,dikhyang,nose,ə-pʰuŋ,ə + pʰ u ŋ,,
870,dikhyang,oldofthings,ə-hɛk,ə + h ɛ k,,
871,dikhyang,one,ʦjɔ̃,ts j ɔ̃,,
872,dikhyang,path,ləmuə duə,l ə m uə + d uə,,
873,dikhyang,rain,haː-pʰiɛ,h aː + pʰ iɛ,,
874,dikhyang,red,ə-ɕɛk,ə + ɕ ɛ k,,
875,dikhyang,root,ə-rəŋ,ə + r ə ŋ,,
876,dikhyang,torun,ran,r a n,,
877,dikhyang,salt,sə-ruə,s ə + r uə,,
878,dikhyang,sand,baːli,b aː l i,,
879,dikhyang,tosay,jaː,j aː,,
880,dikhyang,tosee,gə-rak,g ə + r a k,,
881,dikhyang,tosit,duk,d u k,,
882,dikhyang,skinhide,eː-kʰuk,eː + kʰ u k,,
883,dikhyang,tosleep,mjɛn,m j ɛ n,,
884,dikhyang,small,ə-ti-dua,ə + t i + d ua,,
885,dikhyang,smoke,ba-kʰau,b a + kʰ au,,
886,dikhyang,stand,ʦai,ts ai,,
887,dikhyang,star,ʦaː-trɔŋ,ts aː + t r ɔ ŋ,,
888,dikhyang,stonerock,ləbau,l ə b au,,
889,dikhyang,sun,haː-nɛiŋ,h aː + n ɛi ŋ,,
890,dikhyang,sweet,pʰ-jɛŋ,pʰ + j ɛ ŋ,,
891,dikhyang,tail,ə-ɲui,ə + ɲ ui,,
892,dikhyang,totake,rijə,r i j ə,,
893,dikhyang,thick,ə-kʰla-bou,ə + kʰ l a + b ou,,
894,dikhyang,tongue,ryi,r yi,,
895,dikhyang,tooth,ɕiɲɛn,ɕ i ɲ ɛ n,,
896,dikhyang,water,kʰoː,kʰ oː,,
897,dikhyang,what,ɲujaː,ɲ u j aː,,
898,dikhyang,white,ə-mau,ə + m au,,
899,dikhyang,who,ha-ɲu,h a + ɲ u,,
900,dikhyang,wind,haː-saːm,h aː + s aː m,,
901,dikhyang,wing,ə-jik,ə + j i k,,
902,dikhyang,woman,bə-mi,b ə + m i,,
903,dikhyang,wood,hiŋ,h i ŋ,,
904,dikhyang,yesterday,di-jau,d i + j au,,
905,singchung,1sg,go,g o,,
906,singchung,2sg,no,n o,,
907,singchung,3sg,oe,oe,,
908,singchung,ant,ʃiŋiŋ,ʃ i ŋ i ŋ,,
909,singchung,armhand,wat,w a t,,
910,singchung,ash,s-pije,s + p i j e,,
911,singchung,big,e-boᵘ,e + b oᵘ/o,,
912,singchung,bird,fua,f ua,,
913,singchung,bite,tʰok-mage,tʰ o k + m a g e,,
914,singchung,bitter,kʰoᵘ,kʰ oᵘ/o,,
915,singchung,black,e-saⁱ,e + s aⁱ/ai,,
916,singchung,blood,e-fua,e + f ua,,
917,singchung,bone,e-zeŋ,e + z e ŋ,,
918,singchung,breast,ɲeoː,ɲ eoː,,
919,singchung,toburnit,ʃuⁱt,ʃ uⁱ/u t,,
920,singchung,cloud,s-kə-moᵘ,s + k ə + m oᵘ/o,,
921,singchung,tocryweep,ʧo-ma-ge,tʃ o + m a + g e,,
922,singchung,todie,i-da,i + d a,,
923,singchung,todomake,ret-ma-ge,r e t + m a + g e,,
924,singchung,dog,ʧi,tʃ i,,
925,singchung,drink,kʰo-ŋaŋ,kʰ o + ŋ a ŋ,,
926,singchung,dry,e-gaᵘ,e + g aᵘ/a,,
927,singchung,ear,kʰõ,kʰ õ,,
928,singchung,eat,ʧə-mut,tʃ ə + m u t,,
929,singchung,egg,kʰe-re,kʰ e + r e,,
930,singchung,eye,mi-jak,m i + j a k,,
931,singchung,far,rᵘaŋ,r ᵘ/w a ŋ,,
932,singchung,fat,e-ju,e + j u,,
933,singchung,fingernail,bə-sen,b ə + s e n,,
934,singchung,fire,boᵉ,b oᵉ/o,,
935,singchung,fish,ūa,ūa,,
936,singchung,fleshmeat,e-pije,e + p i j e,,
937,singchung,tofly,kʰe-ma-ge,kʰ e + m a + g e,,
938,singchung,full,li-ja,l i + j a,,
939,singchung,togive,pʰi-mage,pʰ i + m a g e,,
940,singchung,togo,lua,l ua,,
941,singchung,good,a-vije,a + v i j e,,
942,singchung,haironhead,kʰa-zijaŋ,kʰ a + z i j a ŋ,,
943,singchung,head,kʰɾuk,kʰ ɾ u k,,
944,singchung,tohear,nu va-ma-ge,n u + v a + m a + g e,,
945,singchung,heavy,laⁱ,l aⁱ/ai,,
946,singchung,tokill,wa-ma-ge,w a + m a + g e,,
947,singchung,horn,e-rijaŋ,e + r i j a ŋ,,
948,singchung,house,hõ,h õ,,
949,singchung,knee,lə-spau,l ə + s p au,,
950,singchung,toknow,tʰek-ma-ge,tʰ e k + m a + g e,,
951,singchung,tolaugh,ʧijo,tʃ i j o,,
952,singchung,leaf,e-rap,e + r a p,,
953,singchung,legfoot,loᵉ,l oᵉ/o,,
954,singchung,long,pʰijaŋ,pʰ i j a ŋ,,
955,singchung,moon,ha-bije,h a + b i j e,,
956,singchung,mouth,s-pʰun,s + pʰ u n,,
957,singchung,name,e-beŋ,e + b e ŋ,,
958,singchung,neck,e-jua,e + j ua,,
959,singchung,new,o-voᵘ,o + v oᵘ/o,,
960,singchung,nose,e-pʰuŋ,e + pʰ u ŋ,,
961,singchung,oldofthings,e-he,e + h e,,
962,singchung,one,ʤijo,dʒ i j o,,
963,singchung,path,ləmua,l ə m ua,,
964,singchung,rain,ha-pʰije,h a + pʰ i j e,,
965,singchung,red,e-ʃaik,e + ʃ ai k,,
966,singchung,root,e-raŋ,e + r a ŋ,,
967,singchung,salt,su-ruwa,s u + r u w a,,
968,singchung,sand,bali,b a l i,,
969,singchung,tosay,je-ma-ge,j e + m a + g e,,
970,singchung,tosee,rək-ma-ge,r ə k + m a + g e,,
971,singchung,tosit,duk-ma,d u k + m a,,
972,singchung,skinhide,e-kʰuk,e + kʰ u k,,
973,singchung,tosleep,mijen-ma-ge,m i j e n + m a + g e,,
974,singchung,small,ẽeᵘ,ẽeᵘ/ẽu,,
975,singchung,smoke,boᵉ-kʰaᵘ,b oᵉ/o + kʰ aᵘ/a,,
976,singchung,stand,riᵒ-ma,r iᵒ/i + m a,,
977,singchung,star,sa-dijoŋ,s a + d i j o ŋ,,
978,singchung,stonerock,labaᵘ,l a b aᵘ/a,,
979,singchung,sun,ha-naⁱ,h a + n aⁱ/ai,,
980,singchung,sweet,pʰi-jam,pʰ i + j a m,,
981,singchung,tail,e-ɲoⁱ,e + ɲ oⁱ/o,,
982,singchung,totake,tʰa-rija-ma-ge,tʰ a + r i j a + m a + g e,,
983,singchung,this,e-hihi,e + h i h i,,
984,singchung,tongue,iri,i r i,,
985,singchung,tooth,ʃiniŋ,ʃ i n i ŋ,,
986,singchung,water,kʰo,kʰ o,,
987,singchung,what,niwka,n i w k a,,
988,singchung,white,e-moᵘ,e + m oᵘ/o,,
989,singchung,who,ha-niju,h a + n i j u,,
990,singchung,wind,ha-sam,h a + s a m,,
991,singchung,woman,di-mi,d i + m i,,
992,singchung,wood,hiŋ,h i ŋ,,
993,singchung,yesterday,di-jo,d i + j o,,
994,wangho,1sg,ko,k o,,
995,wangho,2sg,no,n o,,
996,wangho,3sg,we,w e,,
997,wangho,ant,ʃiŋiŋ,ʃ i ŋ i ŋ,,
998,wangho,armhand,wat,w a t,,
999,wangho,ash,s-pije,s + p i j e,,
1000,wangho,big,e-boᵘ,e + b oᵘ/o,,
1001,wangho,bird,fua,f ua,,
1002,wangho,bite,kʰrik,kʰ r i k,,
1003,wangho,bitter,ekʰoᵘ,e kʰ oᵘ/o,,
1004,wangho,black,e-saⁱ,e + s aⁱ/ai,,
1005,wangho,blood,e-fua,e + f ua,,
1006,wangho,bone,e-zak,e + z a k,,
1007,wangho,breast,ɲeoː,ɲ eoː,,
1008,wangho,toburnit,haᵘ,h aᵘ/a,,
1009,wangho,cloud,s-kə-moᵘ,s + k ə + m oᵘ/o,,
1010,wangho,tocryweep,ʧo,tʃ o,,
1011,wangho,todie,iⁱ,iⁱ/i,,
1012,wangho,todomake,ret,r e t,,
1013,wangho,dog,ʧaⁱ,tʃ aⁱ/ai,,
1014,wangho,drink,naŋ,n a ŋ,,
1015,wangho,dry,e-kaᵘ,e + k aᵘ/a,,
1016,wangho,ear,kʰõ,kʰ õ,,
1017,wangho,eat,ʧə-mut,tʃ ə + m u t,,
1018,wangho,egg,kʰe-re,kʰ e + r e,,
1019,wangho,eye,mi-jak,m i + j a k,,
1020,wangho,far,ruwaŋ,r u w a ŋ,,
1021,wangho,fat,e-ju,e + j u,,
1022,wangho,fingernail,pə-ʧi-jat,p ə + tʃ i + j a t,,
1023,wangho,fire,boᵉ,b oᵉ/o,,
1024,wangho,fish,ūa,ūa,,
1025,wangho,fleshmeat,e-pije,e + p i j e,,
1026,wangho,tofly,kʰeⁱ,kʰ eⁱ/e,,
1027,wangho,full,e-li-ja,e + l i + j a,,
1028,wangho,togive,pʰi,pʰ i,,
1029,wangho,togo,və-wa,v ə + w a,,
1030,wangho,good,a-vije,a + v i j e,,
1031,wangho,haironhead,kʰa-zijaᵘ,kʰ a + z i j aᵘ/a,,
1032,wangho,head,ki-ja-tuŋ,k i + j a + t u ŋ,,
1033,wangho,tohear,nū-a,n ū/u + a,,
1034,wangho,heavy,e-laⁱ,e + l aⁱ/ai,,
1035,wangho,tokill,ua,ua,,
1036,wangho,horn,e-rijok,e + r i j o k,,
1037,wangho,house,hõ,h õ,,
1038,wangho,knee,la-kijuŋ,l a + k i j u ŋ,,
1039,wangho,toknow,īt,ī/i t,,
1040,wangho,tolaugh,ʧijo,tʃ i j o,,
1041,wangho,leaf,rap,r a p,,
1042,wangho,legfoot,luᵉ,l uᵉ/ue,,
1043,wangho,long,e-pʰijam,e + pʰ i j a m,,
1044,wangho,moon,habije,h a b i j e,,
1045,wangho,mouth,ʃijam,ʃ i j a m,,
1046,wangho,name,e-beŋ,e + b e ŋ,,
1047,wangho,neck,ja-pu,j a + p u,,
1048,wangho,new,e-voŋ,e + v o ŋ,,
1049,wangho,nose,e-pʰuŋ,e + pʰ u ŋ,,
1050,wangho,oldofthings,e-hek,e + h e k,,
1051,wangho,one,ʧo,tʃ o,,
1052,wangho,path,ləmua,l ə m ua,,
1053,wangho,rain,ha-pʰije,h a + pʰ i j e,,
1054,wangho,red,e-ʃek,e + ʃ e k,,
1055,wangho,root,e-raŋ,e + r a ŋ,,
1056,wangho,salt,su-ruwa,s u + r u w a,,
1057,wangho,sand,bali,b a l i,,
1058,wangho,tosay,je,j e,,
1059,wangho,tosee,rək,r ə k,,
1060,wangho,tosit,tuk,t u k,,
1061,wangho,skinhide,e-kʰuk,e + kʰ u k,,
1062,wangho,tosleep,mijen,m i j e n,,
1063,wangho,small,e-juŋ,e + j u ŋ,,
1064,wangho,smoke,bu-kʰu,b u + kʰ u,,
1065,wangho,stand,riᵒ,r iᵒ/io,,
1066,wangho,star,sa-tijoŋ,s a + t i j o ŋ,,
1067,wangho,stonerock,labaᵘ,l a b aᵘ/a,,
1068,wangho,sun,ha-neⁱŋ,h a + n eⁱ/e ŋ,,
1069,wangho,sweet,pʰi-jaŋ,pʰ i + j a ŋ,,
1070,wangho,tail,e-ɲoⁱ,e + ɲ oⁱ/o,,
1071,wangho,totake,ɹije,ɹ i j e,,
1072,wangho,this,he-pʰomono,h e + pʰ o m o n o,,
1073,wangho,tongue,ri,r i,,
1074,wangho,tooth,ʃinijat,ʃ i n i j a t,,
1075,wangho,water,kʰoᵘ,kʰ oᵘ/o,,
1076,wangho,what,niw,n i w,,
1077,wangho,white,e-moŋ,e + m o ŋ,,
1078,wangho,who,ha-ŋuŋ,h a + ŋ u ŋ,,
1079,wangho,wind,ha-sam,h a + s a m,,
1080,wangho,woman,bi-mi,b i + m i,,
1081,wangho,wood,hiŋ,h i ŋ,,
1082,wangho,yesterday,di-jo,d i + j o,,
1083,bichom,1sg,go ~ gu,g o,,
1084,bichom,1sg,go ~ gu,g u,,
1085,bichom,2sg,no,n o,,
1086,bichom,3sg,uwe,u w e,,
1087,bichom,ant,siiŋ,s iː ŋ,,
1088,bichom,armhand,wat,w a t,,
1089,bichom,ash,s-pije,s + p i j e,,
1090,bichom,big,boᵘ,b oᵘ/o,,
1091,bichom,bird,fua,f ua,,
1092,bichom,bite,tʰok-pʰa,tʰ o k + pʰ a,,
1093,bichom,bitter,kʰoᵘ,kʰ oᵘ/o,,
1094,bichom,black,e-saⁱ/soⁱ,e + s aⁱ/ai,,
1095,bichom,black,e-saⁱ/soⁱ,s oⁱ/o,,
1096,bichom,blood,e-fua,e + f ua,,
1097,bichom,bone,e-zeŋ,e + z e ŋ,,
1098,bichom,breast,niw,n i w,,
1099,bichom,toburnit,fũp-pʰa,f ũ p + pʰ a,,
1100,bichom,cloud,ʧa-ka-maŋ,tʃ a + k a + m a ŋ,,
1101,bichom,tocryweep,ʧoa-pʰa,tʃ oa + pʰ a,,
1102,bichom,todie,i-pʰa,i + pʰ a,,
1103,bichom,todomake,reʔ-pʰa,r e ʔ + pʰ a,,
1104,bichom,dog,ʧoⁱ,tʃ oⁱ/o,,
1105,bichom,drink,naŋ-pʰa,n a ŋ + pʰ a,,
1106,bichom,dry,e-gaᵘ,e + g aᵘ/a,,
1107,bichom,ear,kʰõ,kʰ õ,,
1108,bichom,eat,ʧə-mut,tʃ ə + m u t,,
1109,bichom,egg,e-ri,e + r i,,
1110,bichom,eye,mi-jak,m i + j a k,,
1111,bichom,far,rᵘaŋ,r ᵘ/w a ŋ,,
1112,bichom,fat,e-ju,e + j u,,
1113,bichom,fingernail,bə-sen,b ə + s e n,,
1114,bichom,fire,boᵉ,b oᵉ/o,,
1115,bichom,fish,u-ŋa,u + ŋ a,,
1116,bichom,fleshmeat,e-bije,e + b i j e,,
1117,bichom,tofly,kʰeⁱ,kʰ eⁱ/e,,
1118,bichom,full,leⁱ,l eⁱ/e,,
1119,bichom,togive,pʰi-pʰa,pʰ i + pʰ a,,
1120,bichom,togo,tʰe-vəə,tʰ e + v əː,,
1121,bichom,good,a-vije,a + v i j e,,
1122,bichom,haironhead,kʰa-zijaŋ,kʰ a + z i j a ŋ,,
1123,bichom,head,kʰɾuk,kʰ ɾ u k,,
1124,bichom,tohear,joⁱ-pʰa,j oⁱ/o + pʰ a,,
1125,bichom,heavy,laⁱ,l aⁱ/ai,,
1126,bichom,tokill,ua-pʰa,u a + pʰ a,,
1127,bichom,horn,e-rijaŋ,e + r i j a ŋ,,
1128,bichom,house,hõ,h õ,,
1129,bichom,knee,lə-spau,l ə + s p au,,
1130,bichom,toknow,tʰe-jak-pa,tʰ e + j a k + p a,,
1131,bichom,tolaugh,ʃijaʔ,ʃ i j a ʔ,,
1132,bichom,leaf,rap,r a p,,
1133,bichom,legfoot,luᵉ,l uᵉ/ue,,
1134,bichom,long,pʰijaŋ,pʰ i j a ŋ,,
1135,bichom,moon,ha-bije,h a + b i j e,,
1136,bichom,mouth,sem,s e m,,
1137,bichom,name,e-beŋ,e + b e ŋ,,
1138,bichom,neck,e-jua,e + j ua,,
1139,bichom,new,e-wã,e + w ã,,
1140,bichom,nose,e-pʰuŋ,e + pʰ u ŋ,,
1141,bichom,oldofthings,e-hek,e + h e k,,
1142,bichom,one,ʤijo,dʒ i j o,,
1143,bichom,path,ləmua,l ə m ua,,
1144,bichom,rain,ha-pʰije,h a + pʰ i j e,,
1145,bichom,red,e-ʃaik,e + ʃ ai k,,
1146,bichom,root,e-raŋ,e + r a ŋ,,
1147,bichom,salt,su-rəja,s u + r ə j a,,
1148,bichom,sand,bali,b a l i,,
1149,bichom,tosay,je-pʰa,j e + pʰ a,,
1150,bichom,tosee,rəg,r ə g,,
1151,bichom,tosit,duk,d u k,,
1152,bichom,skinhide,e-kʰuk,e + kʰ u k,,
1153,bichom,tosleep,mijan-pʰa,m i j a n + pʰ a,,
1154,bichom,small,e-juŋ,e + j u ŋ,,
1155,bichom,smoke,bam-kʰam,b a m + kʰ a m,,
1156,bichom,stand,riᵒ,r iᵒ/io,,
1157,bichom,star,ta-dijaŋ,t a + d i j a ŋ,,
1158,bichom,stonerock,labaᵘ,l a b aᵘ/a,,
1159,bichom,sun,ha-naⁱ,h a + n aⁱ/ai,,
1160,bichom,sweet,pʰi-jaŋ,pʰ i + j a ŋ,,
1161,bichom,tail,e-ɲoⁱ,e + ɲ oⁱ/o,,
1162,bichom,totake,ɹeⁱ-pʰa,ɹ eⁱ/e + pʰ a,,
1163,bichom,this,he-pʰomono,h e + pʰ o m o n o,,
1164,bichom,tongue,ri,r i,,
1165,bichom,tooth,ʃinijat,ʃ i n i j a t,,
1166,bichom,water,kʰoᵘ,kʰ oᵘ/o,,
1167,bichom,what,niw,n i w,,
1168,bichom,white,e-moᵘ,e + m oᵘ/o,,
1169,bichom,who,ha-niju,h a + n i j u,,
1170,bichom,wind,a-ʃam,a + ʃ a m,,
1171,bichom,woman,bi-mi,b i + m i,,
1172,bichom,wood,hiŋ,h i ŋ,,
1173,bichom,yesterday,di-jo,d i + j o,,
1174,kaspi,1sg,gu,g u,,
1175,kaspi,2sg,no,n o,,
1176,kaspi,3sg,tʰe,tʰ e,,
1177,kaspi,ant,ʃiŋiŋ,ʃ i ŋ i ŋ,,
1178,kaspi,armhand,wat,w a t,,
1179,kaspi,ash,s-pije,s + p i j e,,
1180,kaspi,big,boᵘ,b oᵘ/o,,
1181,kaspi,bird,fo,f o,,
1182,kaspi,bite,ʧi-pʰa,tʃ i + pʰ a,,
1183,kaspi,bitter,kʰoᵘ,kʰ oᵘ/o,,
1184,kaspi,black,soⁱ,s oⁱ/o,,
1185,kaspi,blood,nə-faⁱ,n ə + f aⁱ/ai,,
1186,kaspi,bone,ni-zeŋ,n i + z e ŋ,,
1187,kaspi,breast,dut,d u t,,
1188,kaspi,toburnit,ʤi-jo-pʰa,dʒ i + j o + pʰ a,,
1189,kaspi,cloud,ʧa-ka-maŋ,tʃ a + k a + m a ŋ,,
1190,kaspi,tocryweep,ʧoa-pʰa,tʃ oa + pʰ a,,
1191,kaspi,todie,i-dən,i + d ə n,,
1192,kaspi,todomake,reⁱ-pʰa,r eⁱ/e + pʰ a,,
1193,kaspi,dog,ʧoⁱ,tʃ oⁱ/o,,
1194,kaspi,drink,naŋ-pʰa,n a ŋ + pʰ a,,
1195,kaspi,dry,goᵘ,g oᵘ/o,,
1196,kaspi,ear,kʰõ,kʰ õ,,
1197,kaspi,eat,ʧə-mut,tʃ ə + m u t,,
1198,kaspi,egg,kʰe-re,kʰ e + r e,,
1199,kaspi,eye,mi-je,m i + j e,,
1200,kaspi,far,rᵘaŋ,r ᵘ/w a ŋ,,
1201,kaspi,fat,e-jo,e + j o,,
1202,kaspi,fingernail,pə̌-sen,p ə̌/ə + s e n,,
1203,kaspi,fire,baⁱ,b aⁱ/ai,,
1204,kaspi,fish,ūa,ūa,,
1205,kaspi,fleshmeat,mə-bi,m ə + b i,,
1206,kaspi,tofly,kʰeŋ-pʰa,kʰ e ŋ + pʰ a,,
1207,kaspi,full,leⁱ,l eⁱ/e,,
1208,kaspi,togive,pʰi-pʰa,pʰ i + pʰ a,,
1209,kaspi,togo,dun,d u n,,
1210,kaspi,good,a-vije,a + v i j e,,
1211,kaspi,haironhead,kʰa-zijaŋ,kʰ a + z i j a ŋ,,
1212,kaspi,head,kʰɾuk,kʰ ɾ u k,,
1213,kaspi,tohear,nu-a-pʰa,n u + a + pʰ a,,
1214,kaspi,heavy,laⁱ,l aⁱ/ai,,
1215,kaspi,tokill,ua-pʰa,u a + pʰ a,,
1216,kaspi,horn,e-rijaŋ,e + r i j a ŋ,,
1217,kaspi,house,hõ,h õ,,
1218,kaspi,knee,la-gijoŋ,l a + g i j o ŋ,,
1219,kaspi,toknow,it-pʰat,i t + pʰ a t,,
1220,kaspi,tolaugh,seʔ,s e ʔ,,
1221,kaspi,leaf,rap,r a p,,
1222,kaspi,legfoot,laⁱ,l aⁱ/ai,,
1223,kaspi,long,pʰijaŋ,pʰ i j a ŋ,,
1224,kaspi,moon,ha-bije,h a + b i j e,,
1225,kaspi,mouth,sem,s e m,,
1226,kaspi,name,e-beŋ,e + b e ŋ,,
1227,kaspi,neck,jua,j ua,,
1228,kaspi,new,m-vəo,m + v əo,,
1229,kaspi,nose,e-pʰuŋ,e + pʰ u ŋ,,
1230,kaspi,oldofthings,e-hek,e + h e k,,
1231,kaspi,one,ʤe,dʒ e,,
1232,kaspi,path,ləmua,l ə m ua,,
1233,kaspi,rain,ha-pʰije,h a + pʰ i j e,,
1234,kaspi,red,ʃeⁱ,ʃ eⁱ/e,,
1235,kaspi,root,e-raŋ,e + r a ŋ,,
1236,kaspi,salt,su-ɹe,s u + ɹ e,,
1237,kaspi,sand,bali,b a l i,,
1238,kaspi,tosay,si-pʰa,s i + pʰ a,,
1239,kaspi,tosee,rek-pʰa,r e k + pʰ a,,
1240,kaspi,tosit,dək-mu,d ə k + m u,,
1241,kaspi,skinhide,e-kʰuk,e + kʰ u k,,
1242,kaspi,tosleep,men,m e n,,
1243,kaspi,small,e-juŋ,e + j u ŋ,,
1244,kaspi,smoke,baiŋ-kʰam,b ai ŋ + kʰ a m,,
1245,kaspi,stand,ʤoi,dʒ oi,,
1246,kaspi,star,la-dijaŋ,l a + d i j a ŋ,,
1247,kaspi,stonerock,labaᵘ,l a b aᵘ/a,,
1248,kaspi,sun,ha-naⁱ,h a + n aⁱ/ai,,
1249,kaspi,sweet,pʰi-jaŋ,pʰ i + j a ŋ,,
1250,kaspi,tail,e-ɲoⁱ,e + ɲ oⁱ/o,,
1251,kaspi,totake,je-pʰa,j e + pʰ a,,
1252,kaspi,this,he-pʰomono,h e + pʰ o m o n o,,
1253,kaspi,tongue,ri,r i,,
1254,kaspi,tooth,ʃiniŋ,ʃ i n i ŋ,,
1255,kaspi,water,kʰoᵘ,kʰ oᵘ/o,,
1256,kaspi,what,nije,n i j e,,
1257,kaspi,white,mõᵘ,m õᵘ/õu,,
1258,kaspi,who,ha-niju,h a + n i j u,,
1259,kaspi,wind,ha-sam,h a + s a m,,
1260,kaspi,woman,hõa-mu,h õa + m u,,
1261,kaspi,wood,hiŋ,h i ŋ,,
1262,kaspi,yesterday,tʰə-mi-jaŋ,tʰ ə + m i + j a ŋ,,
1263,namphri,1sg,go,g o,,
1264,namphri,2sg,no,n o,,
1265,namphri,3sg,oe,oe,,
1266,namphri,ant,ʃiŋiŋ,ʃ i ŋ i ŋ,,
1267,namphri,armhand,wat,w a t,,
1268,namphri,ash,s-pije,s + p i j e,,
1269,namphri,big,boᵘ,b oᵘ/o,,
1270,namphri,bird,fua,f ua,,
1271,namphri,bite,tʰok-pʰa,tʰ o k + pʰ a,,
1272,namphri,bitter,e-kʰoᵘ,e + kʰ oᵘ/o,,
1273,namphri,black,e-sui,e + s ui,,
1274,namphri,blood,mə-faⁱ,m ə + f aⁱ/ai,,
1275,namphri,bone,e-zeŋ,e + z e ŋ,,
1276,namphri,breast,niw,n i w,,
1277,namphri,toburnit,fu-pʰa,f u + pʰ a,,
1278,namphri,cloud,ʧa-ka-maŋ,tʃ a + k a + m a ŋ,,
1279,namphri,tocryweep,ʧo,tʃ o,,
1280,namphri,todie,i-dun,i + d u n,,
1281,namphri,todomake,ɾap-pʰa,ɾ a p + pʰ a,,
1282,namphri,dog,ʧoⁱ,tʃ oⁱ/o,,
1283,namphri,drink,naŋ,n a ŋ,,
1284,namphri,dry,nə-gou,n ə + g ou,,
1285,namphri,ear,kʰõ,kʰ õ,,
1286,namphri,eat,ʧə-mut,tʃ ə + m u t,,
1287,namphri,egg,kʰe-re,kʰ e + r e,,
1288,namphri,eye,mi-jak,m i + j a k,,
1289,namphri,far,rᵘaŋ,r ᵘ/w a ŋ,,
1290,namphri,fat,e-jo,e + j o,,
1291,namphri,fingernail,pə-ʃen,p ə + ʃ e n,,
1292,namphri,fire,boᵉ,b oᵉ/o,,
1293,namphri,fish,u-ŋə̄,u + ŋ ə̄/ə,,
1294,namphri,fleshmeat,e-bei,e + b ei,,
1295,namphri,tofly,kʰeⁱ-pʰa,kʰ eⁱ/e + pʰ a,,
1296,namphri,full,eleⁱ,e l eⁱ/e,,
1297,namphri,togive,pʰi,pʰ i,,
1298,namphri,togo,vəo-pʰa,v əo + pʰ a,,
1299,namphri,good,a-vije,a + v i j e,,
1300,namphri,haironhead,kʰa-zijaŋ,kʰ a + z i j a ŋ,,
1301,namphri,head,kʰɾuk,kʰ ɾ u k,,
1302,namphri,tohear,joⁱ,j oⁱ/o,,
1303,namphri,heavy,e-laⁱ,e + l aⁱ/ai,,
1304,namphri,tokill,ua,ua,,
1305,namphri,horn,e-rijaŋ,e + r i j a ŋ,,
1306,namphri,house,hõ,h õ,,
1307,namphri,knee,la-gijoŋ,l a + g i j o ŋ,,
1308,namphri,toknow,it-pʰa,i t + pʰ a,,
1309,namphri,tolaugh,ʃeʔ-pʰa,ʃ e ʔ + pʰ a,,
1310,namphri,leaf,rap,r a p,,
1311,namphri,legfoot,laⁱ,l aⁱ/ai,,
1312,namphri,long,e-pʰijam,e + pʰ i j a m,,
1313,namphri,moon,ha-bije,h a + b i j e,,
1314,namphri,mouth,sem,s e m,,
1315,namphri,name,e-beŋ,e + b e ŋ,,
1316,namphri,neck,jua,j ua,,
1317,namphri,new,e-vo,e + v o,,
1318,namphri,nose,e-pʰuŋ,e + pʰ u ŋ,,
1319,namphri,oldofthings,e-hek,e + h e k,,
1320,namphri,one,ʤe,dʒ e,,
1321,namphri,path,ləmua,l ə m ua,,
1322,namphri,rain,ha-pʰije,h a + pʰ i j e,,
1323,namphri,red,e-ʃaik,e + ʃ ai k,,
1324,namphri,root,e-raŋ,e + r a ŋ,,
1325,namphri,salt,su-ruwa,s u + r u w a,,
1326,namphri,sand,bali,b a l i,,
1327,namphri,tosay,jo-pʰa,j o + pʰ a,,
1328,namphri,tosee,rək,r ə k,,
1329,namphri,tosit,duk-ma-ge,d u k + m a + g e,,
1330,namphri,skinhide,e-kʰuk,e + kʰ u k,,
1331,namphri,tosleep,men-pʰa,m e n + pʰ a,,
1332,namphri,small,iu,iu,,
1333,namphri,smoke,boᵉ-mo-kʰəm,b oᵉ/o + m o + kʰ ə m,,
1334,namphri,stand,ʤai-ma-ge,dʒ ai + m a + g e,,
1335,namphri,star,ta-dijaŋ,t a + d i j a ŋ,,
1336,namphri,stonerock,lubu,l u b u,,
1337,namphri,sun,ha-naⁱ,h a + n aⁱ/ai,,
1338,namphri,sweet,pʰi-jaŋ,pʰ i + j a ŋ,,
1339,namphri,tail,e-ɲoⁱ,e + ɲ oⁱ/o,,
1340,namphri,totake,lije,l i j e,,
1341,namphri,this,ʤije,dʒ i j e,,
1342,namphri,tongue,ri,r i,,
1343,namphri,tooth,ʃiniŋ,ʃ i n i ŋ,,
1344,namphri,water,kʰoᵘ,kʰ oᵘ/o,,
1345,namphri,what,ɲijaga,ɲ i j a g a,,
1346,namphri,white,e-moŋ,e + m o ŋ,,
1347,namphri,who,ha-niju,h a + n i j u,,
1348,namphri,wind,ha-sam,h a + s a m,,
1349,namphri,woman,hõa-mua,h õa + m ua,,
1350,namphri,wood,hiŋ,h i ŋ,,
1351,namphri,yesterday,di-jo,d i + j o,,
1352,bulu,1sg,guː,g uː,,
1353,bulu,2sg,naː,n aː,,
1354,bulu,3sg,vɛː,v ɛː,,
1355,bulu,ant,ʤam-ʤuʔ,dʒ a m + dʒ u ʔ,,
1356,bulu,armhand,geʔ,g e ʔ,,
1357,bulu,ash,pʰa-rəp,pʰ a + r ə p,,
1358,bulu,big,a-raː,a + r aː,,
1359,bulu,bird,pə-duː,p ə + d uː,,
1360,bulu,bite,tɔʔ,t ɔ ʔ,,
1361,bulu,bitter,a-ʧaʔ,a + tʃ a ʔ,,
1362,bulu,black,a-hjɛN,a + h j ɛ N/ɴ,,
1363,bulu,blood,a-hui,a + h ui,,
1364,bulu,bone,a-zɛN,a + z ɛ N/ɴ,,
1365,bulu,breast,a-njɛː,a + n j ɛː,,
1366,bulu,toburnit,ham,h a m,,
1367,bulu,tocarryonback,ʒeN,ʒ e N/ɴ,,
1368,bulu,cloud,sə-tɨː,s ə + t ɨː,,
1369,bulu,tocryweep,ʧɛʔ,tʃ ɛ ʔ,,
1370,bulu,todie,iː,iː,,
1371,bulu,todomake,ʦaʔ,ts a ʔ,,
1372,bulu,dog,buː,b uː,,
1373,bulu,drink,in,i n,,
1374,bulu,dry,a-wɛN,a + w ɛ N/ɴ,,
1375,bulu,ear,a-kuiN,a + k ui N/ɴ,,
1376,bulu,eat,ʧiː,tʃ iː,,
1377,bulu,egg,a-wuN,a + w u N/ɴ,,
1378,bulu,eye,a-kəm,a + k ə m,,
1379,bulu,far,a-ʧoi,a + tʃ oi,,
1380,bulu,fat,a-ʒɔː,a + ʒ ɔː,,
1381,bulu,fingernail,a-geʔ gə-sɨn,a + g e ʔ + g ə + s ɨ n,,
1382,bulu,fire,bɛː,b ɛː,,
1383,bulu,fish,ʧui,tʃ ui,,
1384,bulu,fleshmeat,ʃiː,ʃ iː,,
1385,bulu,tofly,kiː,k iː,,
1386,bulu,full,ljɛː,l j ɛː,,
1387,bulu,togive,taN,t a N/ɴ,,
1388,bulu,togo,vuː,v uː,,
1389,bulu,good,a-mjɛː,a + m j ɛː,,
1390,bulu,haironhead,kə-zaN,k ə + z a N/ɴ,,
1391,bulu,hard,a-ʃɔN,a + ʃ ɔ N/ɴ,,
1392,bulu,head,a-kuN,a + k u N/ɴ,,
1393,bulu,tohear,nɨŋ,n ɨ ŋ,,
1394,bulu,heavy,a-lɨː,a + l ɨː,,
1395,bulu,tohide,uʔ,u ʔ,,
1396,bulu,tokill,wɛʔ,w ɛ ʔ,,
1397,bulu,horn,a-kjɛN,a + k j ɛ N/ɴ,,
1398,bulu,house,ham,h a m,,
1399,bulu,in,a-lɨŋ,a + l ɨ ŋ,,
1400,bulu,knee,a-lɛː kə-peiʔ,a + l ɛː + k ə + p ei ʔ,,
1401,bulu,toknow,dɛN,d ɛ N/ɴ,,
1402,bulu,tolaugh,zɛː,z ɛː,,
1403,bulu,leaf,a-ləp,a + l ə p,,
1404,bulu,legfoot,a-lɛː,a + l ɛː,,
1405,bulu,liver,a-pʰiN,a + pʰ i N/ɴ,,
1406,bulu,long,a-pjaN,a + p j a N/ɴ,,
1407,bulu,louse,ʃiʔ,ʃ i ʔ,,
1408,bulu,moon,haN-bɔː,h a N/ɴ + b ɔː,,
1409,bulu,mouth,a-səm,a + s ə m,,
1410,bulu,name,a-bjɛN,a + b j ɛ N/ɴ,,
1411,bulu,navel,sim-bə-lui,s i m + b ə + l ui,,
1412,bulu,neck,kə-tuN-rin,k ə + t u N/ɴ + r i n,,
1413,bulu,new,a-fɛN,a + f ɛ N/ɴ,,
1414,bulu,nose,a-pʰuN,a + pʰ u N/ɴ,,
1415,bulu,not,ba-,b a,,
1416,bulu,oldofthings,a-ʦɛN,a + ts ɛ N/ɴ,,
1417,bulu,one,tyi,t yi,,
1418,bulu,path,lim,l i m,,
1419,bulu,rain,ham-piː,h a m + p iː,,
1420,bulu,red,a-ʃiʔ,a + ʃ i ʔ,,
1421,bulu,root,ʃiN-rin,ʃ i N/ɴ + r i n,,
1422,bulu,torun,rin,r i n,,
1423,bulu,salt,fəu,f əu,,
1424,bulu,sand,səm-pjɛː,s ə m + p j ɛː,,
1425,bulu,tosay,riː,r iː,,
1426,bulu,tosee,niŋ,n i ŋ,,
1427,bulu,tosit,rɨː,r ɨː,,
1428,bulu,skinhide,a-kuʔ,a + k u ʔ,,
1429,bulu,tosleep,rəm,r ə m,,
1430,bulu,small,a-ziː,a + z iː,,
1431,bulu,smoke,bɛ-kʰɨː,b ɛ + kʰ ɨː,,
1432,bulu,stand,ʧin,tʃ i n,,
1433,bulu,star,haN-waiʔ,h a N/ɴ + w ai ʔ,,
1434,bulu,stonerock,ka-lɨŋ,k a + l ɨ ŋ,,
1435,bulu,sun,ha-mi,h a + m i,,
1436,bulu,sweet,a-pin,a + p i n,,
1437,bulu,tail,a-nyi,a + n yi,,
1438,bulu,totake,leː,l eː,,
1439,bulu,thick,a-pən,a + p ə n,,
1440,bulu,this,hɨŋ,h ɨ ŋ,,
1441,bulu,tongue,a-lyi,a + l yi,,
1442,bulu,tooth,kə-tɔN,k ə + t ɔ N/ɴ,,
1443,bulu,water,kʰɔː,kʰ ɔː,,
1444,bulu,what,hɛː,h ɛː,,
1445,bulu,white,a-rjuN,a + r j u N/ɴ,,
1446,bulu,who,mii,m iː,,
1447,bulu,wind,haN-ʃin,h a N/ɴ + ʃ i n,,
1448,bulu,wing,a-ʒuiN,a + ʒ ui N/ɴ,,
1449,bulu,woman,mə-ruː,m ə + r uː,,
1450,bulu,wood,ʃiN,ʃ i N/ɴ,,
1451,bulu,yesterday,ʤi-rjɛ:,dʒ i + r j ɛː,,
1452,kojorojo,1sg,go,g o,,
1453,kojorojo,2sg,naŋ,n a ŋ,,
1454,kojorojo,3sg,wai,w ai,,
1455,kojorojo,ant,gam-gɹu,g a m + g ɹ u,,
1456,kojorojo,armhand,geiʔ,g ei ʔ,,
1457,kojorojo,ash,bə-rəm,b ə + r ə m,,
1458,kojorojo,big,a-rai,a + r ai,,
1459,kojorojo,bird,pə-doː,p ə + d oː,,
1460,kojorojo,bite,tua,t ua,,
1461,kojorojo,bitter,a-ʧuaʔ,a + tʃ ua ʔ,,
1462,kojorojo,black,a-hjeĩ,a + h j eĩ/ẽi,,
1463,kojorojo,blood,a-fui,a + f ui,,
1464,kojorojo,bone,a-ʒan,a + ʒ a n,,
1465,kojorojo,breast,a-njei,a + n j ei,,
1466,kojorojo,toburnit,ʤəu,dʒ əu,,
1467,kojorojo,tocarryonback,ɹan,ɹ a n,,
1468,kojorojo,cloud,ka-dəu-sə,k a + d əu + s ə,,
1469,kojorojo,tocryweep,ʧap,tʃ a p,,
1470,kojorojo,todie,iː,iː,,
1471,kojorojo,todomake,ʒou,ʒ ou,,
1472,kojorojo,dog,buː,b uː,,
1473,kojorojo,drink,in,i n,,
1474,kojorojo,dry,a-wan,a + w a n,,
1475,kojorojo,ear,a-kun,a + k u n,,
1476,kojorojo,eat,ʧiː,tʃ iː,,
1477,kojorojo,egg,a-liː,a + l iː,,
1478,kojorojo,eye,a-kəm,a + k ə m,,
1479,kojorojo,far,a-ʧai,a + tʃ ai,,
1480,kojorojo,fat,a-zjaː,a + z j aː,,
1481,kojorojo,fingernail,gei-ʃin,g ei + ʃ i n,,
1482,kojorojo,fire,bai,b ai,,
1483,kojorojo,fish,ʧui,tʃ ui,,
1484,kojorojo,fleshmeat,mai,m ai,,
1485,kojorojo,tofly,kɹei,k ɹ ei,,
1486,kojorojo,full,jei,j ei,,
1487,kojorojo,togive,taŋ,t a ŋ,,
1488,kojorojo,togo,wuː,w uː,,
1489,kojorojo,good,a-njam,a + n j a m,,
1490,kojorojo,haironhead,kə-zjaŋ,k ə + z j a ŋ,,
1491,kojorojo,hard,a-hɹan,a + h ɹ a n,,
1492,kojorojo,head,a-kuŋ-bəː,a + k u ŋ + b əː,,
1493,kojorojo,tohear,nuŋ,n u ŋ,,
1494,kojorojo,heavy,a-lei,a + l ei,,
1495,kojorojo,tohide,ɨʔ,ɨ ʔ,,
1496,kojorojo,tokill,aiʔ,a i ʔ,,
1497,kojorojo,horn,a-kɹan,a + k ɹ a n,,
1498,kojorojo,house,ham,h a m,,
1499,kojorojo,in,a-loŋ,a + l o ŋ,,
1500,kojorojo,knee,lai ka-pɹei,l ai + k a + p ɹ ei,,
1501,kojorojo,toknow,dan,d a n,,
1502,kojorojo,tolaugh,zjei,z j ei,,
1503,kojorojo,leaf,hɨ̃-jəm,h ɨ̃ + j ə m,,
1504,kojorojo,legfoot,lai,l ai,,
1505,kojorojo,liver,a-pin,a + p i n,,
1506,kojorojo,long,a-pɹaŋ,a + p ɹ a ŋ,,
1507,kojorojo,louse,hɹɛ,h ɹ ɛ,,
1508,kojorojo,moon,ha-bu,h a + b u,,
1509,kojorojo,mouth,səm,s ə m,,
1510,kojorojo,name,a-bɹɛn,a + b ɹ ɛ n,,
1511,kojorojo,navel,roŋ-rei,r o ŋ + r ei,,
1512,kojorojo,neck,tuŋ-rin,t u ŋ + r i n,,
1513,kojorojo,new,a-fan,a + f a n,,
1514,kojorojo,nose,a-puŋ,a + p u ŋ,,
1515,kojorojo,not,ba-,b a,,
1516,kojorojo,oldofthings,a-ʧjɛn,a + tʃ j ɛ n,,
1517,kojorojo,one,kjuː,k j uː,,
1518,kojorojo,path,lim,l i m,,
1519,kojorojo,rain,ham-pɹoː,h a m + p ɹ oː,,
1520,kojorojo,red,a-hɨː,a + h ɨː,,
1521,kojorojo,root,hɨ̃-rin,h ɨ̃ + r i n,,
1522,kojorojo,torun,ren,r e n,,
1523,kojorojo,salt,fou,f ou,,
1524,kojorojo,sand,pan-ʧɨː-hɹɛː,p a n + tʃ ɨː + h ɹ ɛː,,
1525,kojorojo,tosay,rjoː,r j oː,,
1526,kojorojo,tosee,njəŋ,n j ə ŋ,,
1527,kojorojo,tosit,ʤao,dʒ ao,,
1528,kojorojo,skinhide,a-kɨː,a + k ɨː,,
1529,kojorojo,tosleep,rəm,r ə m,,
1530,kojorojo,small,a-ziː,a + z iː,,
1531,kojorojo,smoke,bai-kəː,b ai + k əː,,
1532,kojorojo,stand,ʧin,tʃ i n,,
1533,kojorojo,star,ha-daŋ,h a + d a ŋ,,
1534,kojorojo,stonerock,ka-hoŋ,k a + h o ŋ,,
1535,kojorojo,sun,ha-mi,h a + m i,,
1536,kojorojo,sweet,a-pin,a + p i n,,
1537,kojorojo,tail,a-sərjam,a + s ə r j a m,,
1538,kojorojo,totake,lei,l ei,,
1539,kojorojo,thick,a-pen,a + p e n,,
1540,kojorojo,this,həŋ,h ə ŋ,,
1541,kojorojo,tongue,jui,j ui,,
1542,kojorojo,tooth,kə-tuaŋ,k ə + t ua ŋ,,
1543,kojorojo,water,kua,k ua,,
1544,kojorojo,what,hai,h ai,,
1545,kojorojo,white,a-rjuŋ,a + r j u ŋ,,
1546,kojorojo,who,hoː,h oː,,
1547,kojorojo,wind,ha-hɹɨn,h a + h ɹ ɨ n,,
1548,kojorojo,wing,a-ʒun,a + ʒ u n,,
1549,kojorojo,woman,a-mui,a + m ui,,
1550,kojorojo,wood,hɹɨn,h ɹ ɨ n,,
1551,kojorojo,yesterday,rə-niː,r ə + n iː,,
1552,rawa,1sg,go,g o,,
1553,rawa,2sg,na,n a,,
1554,rawa,3sg,hoː,h oː,,
1555,rawa,ant,ga-mə-gɹoː,g a + m ə + g ɹ oː,,
1556,rawa,armhand,get,g e t,,
1557,rawa,ash,bai-rəp,b ai + r ə p,,
1558,rawa,big,a-rai,a + r ai,,
1559,rawa,bird,pə-doː,p ə + d oː,,
1560,rawa,bite,tua,t ua,,
1561,rawa,bitter,a-ʧaː,a + tʃ aː,,
1562,rawa,black,a-hjɛĩ,a + h j ɛĩ/ɛ̃i,,
1563,rawa,blood,fui,f ui,,
1564,rawa,bone,a-zaʔ,a + z a ʔ,,
1565,rawa,breast,njɛi,n j ɛi,,
1566,rawa,toburnit,ʤəu,dʒ əu,,
1567,rawa,tocarryonback,bəu,b əu,,
1568,rawa,cloud,toŋ-səu,t o ŋ + s əu,,
1569,rawa,tocryweep,ʧap,tʃ a p,,
1570,rawa,todie,iː,iː,,
1571,rawa,todomake,kat,k a t,,
1572,rawa,dog,boː,b oː,,
1573,rawa,drink,in,i n,,
1574,rawa,dry,a-wan,a + w a n,,
1575,rawa,ear,kot,k o t,,
1576,rawa,eat,ʧiː,tʃ iː,,
1577,rawa,egg,tju-li,t j u + l i,,
1578,rawa,eye,kəp,k ə p,,
1579,rawa,far,a-ʧai,a + tʃ ai,,
1580,rawa,fat,a-zjaː,a + z j aː,,
1581,rawa,fingernail,gə-sin,g ə + s i n,,
1582,rawa,fire,bai,b ai,,
1583,rawa,fish,ʧuei,tʃ u ei,,
1584,rawa,fleshmeat,mai,m ai,,
1585,rawa,tofly,kei,k ei,,
1586,rawa,full,ljɛi,l j ɛi,,
1587,rawa,togive,taʔ,t a ʔ,,
1588,rawa,togo,woː,w oː,,
1589,rawa,good,a-njam,a + n j a m,,
1590,rawa,haironhead,kə-zjaʔ,k ə + z j a ʔ,,
1591,rawa,head,koʔ-bəu,k o ʔ + b əu,,
1592,rawa,tohear,noŋ,n o ŋ,,
1593,rawa,heavy,a-lei,a + l ei,,
1594,rawa,tohide,əə,əː,,
1595,rawa,tokill,at,a t,,
1596,rawa,horn,a-kɹɛt,a + k ɹ ɛ t,,
1597,rawa,house,ham,h a m,,
1598,rawa,knee,lai kə-rəʔ,l ai + k ə + r ə ʔ,,
1599,rawa,toknow,dat,d a t,,
1600,rawa,tolaugh,zei,z ei,,
1601,rawa,leaf,hɨŋ-ləp,h ɨ ŋ + l ə p,,
1602,rawa,legfoot,lai,l ai,,
1603,rawa,liver,a-pjet,a + p j e t,,
1604,rawa,long,a-pɹaŋ,a + p ɹ a ŋ,,
1605,rawa,louse,hɛː,h ɛː,,
1606,rawa,moon,ha-nua,h a + n ua,,
1607,rawa,mouth,səp,s ə p,,
1608,rawa,name,a-bɹɛn,a + b ɹ ɛ n,,
1609,rawa,navel,roː-rei,r oː + r ei,,
1610,rawa,neck,tõ-rɨn,t õ + r ɨ n,,
1611,rawa,new,a-faʲt,a + f aʲ/a t,,
1612,rawa,nose,poŋ,p o ŋ,,
1613,rawa,not,ba-,b a,,
1614,rawa,oldofthings,a-ʧet,a + tʃ e t,,
1615,rawa,one,tjoː,t j oː,,
1616,rawa,path,lɨp,l ɨ p,,
1617,rawa,rain,ham-pɹoː,h a m + p ɹ oː,,
1618,rawa,red,a-rjuʔ,a + r j u ʔ,,
1619,rawa,root,a-rɨŋ,a + r ɨ ŋ,,
1620,rawa,torun,rit,r i t,,
1621,rawa,salt,foː,f oː,,
1622,rawa,sand,pã-ʧɨʔ,p ã + tʃ ɨ ʔ,,
1623,rawa,tosay,rjoː,r j oː,,
1624,rawa,tosee,niŋ,n i ŋ,,
1625,rawa,tosit,tuŋ,t u ŋ,,
1626,rawa,skinhide,a-kəː,a + k əː,,
1627,rawa,tosleep,rəp,r ə p,,
1628,rawa,small,a-jiŋ,a + j i ŋ,,
1629,rawa,smoke,bai-kɨː,b ai + k ɨː,,
1630,rawa,stand,ʧiŋ,tʃ i ŋ,,
1631,rawa,star,sat,s a t,,
1632,rawa,stonerock,kə-bɹaː,k ə + b ɹ aː,,
1633,rawa,sun,ha-mi,h a + m i,,
1634,rawa,sweet,a-pin,a + p i n,,
1635,rawa,tail,a-kə-doŋ,a + k ə + d o ŋ,,
1636,rawa,totake,lei,l ei,,
1637,rawa,thick,a-piʔ,a + p i ʔ,,
1638,rawa,this,həŋ,h ə ŋ,,
1639,rawa,tongue,lue,l ue,,
1640,rawa,tooth,tuaŋ,t ua ŋ,,
1641,rawa,water,kua,k ua,,
1642,rawa,what,hai,h ai,,
1643,rawa,white,a-rjuŋ,a + r j u ŋ,,
1644,rawa,who,hoː,h oː,,
1645,rawa,wind,ha-hɨn,h a + h ɨ n,,
1646,rawa,wing,a-zuət,a + z uə t,,
1647,rawa,woman,a-mui,a + m ui,,
1648,rawa,wood,hɨŋ,h ɨ ŋ,,
1649,saria,1sg,go,g o,,
1650,saria,2sg,na,n a,,
1651,saria,3sg,waː,w aː,,
1652,saria,ant,gɹɛŋ-gɹo,g ɹ ɛ ŋ + g ɹ o,,
1653,saria,armhand,geiʔ,g ei ʔ,,
1654,saria,ash,bai-rəʔ,b ai + r ə ʔ,,
1655,saria,big,toʔ,t o ʔ,,
1656,saria,bird,pə-doː,p ə + d oː,,
1657,saria,bite,tua,t ua,,
1658,saria,bitter,a-kjaː,a + k j aː,,
1659,saria,black,a-hɛ̃,a + h ɛ̃,,
1660,saria,blood,hue,h ue,,
1661,saria,bone,a-zaiʔ,a + z ai ʔ,,
1662,saria,breast,ɲɛː,ɲ ɛː,,
1663,saria,toburnit,ʤɨː,dʒ ɨː,,
1664,saria,tocarryonback,eiʔ,e i ʔ,,
1665,saria,cloud,ka-tɨː-sɨː,k a + t ɨː + s ɨː,,
1666,saria,tocryweep,kjaʔ,k j a ʔ,,
1667,saria,todie,iː,iː,,
1668,saria,todomake,kaiʔ,k ai ʔ,,
1669,saria,dog,boː,b oː,,
1670,saria,drink,riŋ,r i ŋ,,
1671,saria,dry,a-waiʔ,a + w ai ʔ,,
1672,saria,ear,kuiʔ,k ui ʔ,,
1673,saria,eat,ʧiː,tʃ iː,,
1674,saria,egg,mə-riː,m ə + r iː,,
1675,saria,eye,kəʔ,k ə ʔ,,
1676,saria,far,kjeː,k j eː,,
1677,saria,fat,a-zua,a + z ua,,
1678,saria,fingernail,gei-siŋ,g ei + s i ŋ,,
1679,saria,fire,bɛː,b ɛː,,
1680,saria,fish,ɲoː,ɲ oː,,
1681,saria,fleshmeat,mə-reʔ,m ə + r e ʔ,,
1682,saria,tofly,piʔ,p i ʔ,,
1683,saria,full,lɛː,l ɛː,,
1684,saria,togive,taŋ,t a ŋ,,
1685,saria,togo,uː,uː,,
1686,saria,good,a-jɨː,a + j ɨː,,
1687,saria,haironhead,kə-zaʔ,k ə + z a ʔ,,
1688,saria,hard,gaː,g aː,,
1689,saria,head,a-koʔ,a + k o ʔ,,
1690,saria,tohear,roŋ,r o ŋ,,
1691,saria,heavy,a-lei,a + l ei,,
1692,saria,tohide,rjaŋ-əː,r j a ŋ + əː,,
1693,saria,tokill,aiʔ,a i ʔ,,
1694,saria,horn,a-kuaŋ,a + k ua ŋ,,
1695,saria,house,haʔ,h a ʔ,,
1696,saria,in,a-raŋ,a + r a ŋ,,
1697,saria,knee,lɛː-kuŋ,l ɛː + k u ŋ,,
1698,saria,toknow,daiʔ,d ai ʔ,,
1699,saria,tolaugh,zɛː,z ɛː,,
1700,saria,leaf,a-ləʔ,a + l ə ʔ,,
1701,saria,legfoot,lai,l ai,,
1702,saria,liver,a-piʔ,a + p i ʔ,,
1703,saria,long,pɹaŋ,p ɹ a ŋ,,
1704,saria,louse,prɛː,p r ɛː,,
1705,saria,moon,aŋ-bo,a ŋ + b o,,
1706,saria,mouth,səʔ,s ə ʔ,,
1707,saria,name,a-bɹɛŋ,a + b ɹ ɛ ŋ,,
1708,saria,navel,rue-ri,r ue + r i,,
1709,saria,neck,kə-tjuŋ,k ə + t j u ŋ,,
1710,saria,new,a-faiʔ,a + f ai ʔ,,
1711,saria,nose,poŋ,p o ŋ,,
1712,saria,not,ba-,b a,,
1713,saria,oldofthings,a-ʧeiʔ,a + tʃ ei ʔ,,
1714,saria,one,ʧue,tʃ ue,,
1715,saria,path,liʔ,l i ʔ,,
1716,saria,rain,haʔ-pɹo,h a ʔ + p ɹ o,,
1717,saria,red,a-rjuʔ,a + r j u ʔ,,
1718,saria,root,a-riŋ,a + r i ŋ,,
1719,saria,torun,riʔ,r i ʔ,,
1720,saria,salt,hoŋ,h o ŋ,,
1721,saria,sand,bɛɛ-ʧiʔ,b ɛː + tʃ i ʔ,,
1722,saria,tosay,jɔː,j ɔː,,
1723,saria,tosee,ɲɨː,ɲ ɨː,,
1724,saria,tosit,tuŋ,t u ŋ,,
1725,saria,skinhide,a-kəː,a + k əː,,
1726,saria,tosleep,rəʔ,r ə ʔ,,
1727,saria,small,ɲɛː-doː,ɲ ɛː + d oː,,
1728,saria,smoke,bai-kɨː,b ai + k ɨː,,
1729,saria,stand,ʧiŋ,tʃ i ŋ,,
1730,saria,star,saiʔ,s ai ʔ,,
1731,saria,stonerock,kə-bɹaː,k ə + b ɹ aː,,
1732,saria,sun,ha-mi,h a + m i,,
1733,saria,sweet,a-piŋ,a + p i ŋ,,
1734,saria,tail,ɲi-mɹɛː,ɲ i + m ɹ ɛː,,
1735,saria,totake,rei,r ei,,
1736,saria,thick,toʔ-rɨː,t o ʔ + r ɨː,,
1737,saria,this,həŋ,h ə ŋ,,
1738,saria,tongue,lue,l ue,,
1739,saria,tooth,tuaŋ,t ua ŋ,,
1740,saria,water,kua,k ua,,
1741,saria,what,hai,h ai,,
1742,saria,white,a-rjuŋ,a + r j u ŋ,,
1743,saria,who,haː,h aː,,
1744,saria,wind,a-huiʔ,a + h ui ʔ,,
1745,saria,wing,mə-juiʔ,m ə + j ui ʔ,,
1746,saria,woman,a-mui,a + m ui,,
1747,saria,wood,hɹiŋ,h ɹ i ŋ,,
1748,saria,yesterday,bɹõrĩ,b ɹ õ r ĩ,,
1749,chayangtajo,1sg,go,g o,,
1750,chayangtajo,2sg,na,n a,,
1751,chayangtajo,3sg,wɛː,w ɛː,,
1752,chayangtajo,ant,gɹɛŋ-gɹo,g ɹ ɛ ŋ + g ɹ o,,
1753,chayangtajo,armhand,geiʔ,g ei ʔ,,
1754,chayangtajo,ash,bɛɛ-rak,b ɛː + r a k,,
1755,chayangtajo,big,kəlaː,k ə l aː,,
1756,chayangtajo,bird,pə-dou,p ə + d ou,,
1757,chayangtajo,bite,tua,t ua,,
1758,chayangtajo,bitter,a-ʧaː,a + tʃ aː,,
1759,chayangtajo,black,a-hjɛ̃,a + h j ɛ̃,,
1760,chayangtajo,blood,hue,h ue,,
1761,chayangtajo,bone,a-zaiʔ,a + z ai ʔ,,
1762,chayangtajo,breast,a-njɛː,a + n j ɛː,,
1763,chayangtajo,toburnit,jɨː,j ɨː,,
1764,chayangtajo,tocarryonback,eiʔ,e i ʔ,,
1765,chayangtajo,cloud,ka-təː,k a + t əː,,
1766,chayangtajo,tocryweep,ʧap,tʃ a p,,
1767,chayangtajo,todie,iː,iː,,
1768,chayangtajo,todomake,kaiʔ,k ai ʔ,,
1769,chayangtajo,dog,kajoː,k a j oː,,
1770,chayangtajo,drink,riŋ,r i ŋ,,
1771,chayangtajo,dry,a-waiʔ,a + w ai ʔ,,
1772,chayangtajo,ear,(a)-kuiʔ,k ui ʔ,,
1773,chayangtajo,eat,ʧiː,tʃ iː,,
1774,chayangtajo,egg,mə-riː,m ə + r iː,,
1775,chayangtajo,eye,(a)-kək,k ə k,,
1776,chayangtajo,far,a-ʧjeː,a + tʃ j eː,,
1777,chayangtajo,fat,a-zua,a + z ua,,
1778,chayangtajo,fingernail,gei-siʔ,g ei + s i ʔ,,
1779,chayangtajo,fire,bae,b ae,,
1780,chayangtajo,fish,kahuaŋ,k a h ua ŋ,,
1781,chayangtajo,fleshmeat,mə-rjeʔ,m ə + r j e ʔ,,
1782,chayangtajo,tofly,pjeʔ,p j e ʔ,,
1783,chayangtajo,full,ljɛː,l j ɛː,,
1784,chayangtajo,togive,taŋ,t a ŋ,,
1785,chayangtajo,togo,uː,uː,,
1786,chayangtajo,good,a-njaŋ,a + n j a ŋ,,
1787,chayangtajo,haironhead,kə-zak,k ə + z a k,,
1788,chayangtajo,hard,a-kaː,a + k aː,,
1789,chayangtajo,head,a-kok,a + k o k,,
1790,chayangtajo,tohear,roŋ,r o ŋ,,
1791,chayangtajo,heavy,a-lei,a + l ei,,
1792,chayangtajo,tohide,rou-gəə,r ou + g əː,,
1793,chayangtajo,tokill,aiʔ,a i ʔ,,
1794,chayangtajo,horn,ko-waŋ,k o + w a ŋ,,
1795,chayangtajo,house,ʧuk,tʃ u k,,
1796,chayangtajo,in,a-ɹaŋ,a + ɹ a ŋ,,
1797,chayangtajo,knee,ka-pɹei,k a + p ɹ ei,,
1798,chayangtajo,toknow,daiʔ,d ai ʔ,,
1799,chayangtajo,tolaugh,ruɛ,r uɛ,,
1800,chayangtajo,leaf,a-ləʔ,a + l ə ʔ,,
1801,chayangtajo,legfoot,(a)-lɛː,l ɛː,,
1802,chayangtajo,liver,a-pjiʔ,a + p j i ʔ,,
1803,chayangtajo,long,a-pɹaŋ,a + p ɹ a ŋ,,
1804,chayangtajo,louse,pɹɛː,p ɹ ɛː,,
1805,chayangtajo,moon,am-boː,a m + b oː,,
1806,chayangtajo,mouth,səʔ,s ə ʔ,,
1807,chayangtajo,name,a-bɹɛŋ,a + b ɹ ɛ ŋ,,
1808,chayangtajo,navel,rue-rei,r ue + r ei,,
1809,chayangtajo,neck,kə-tuŋ,k ə + t u ŋ,,
1810,chayangtajo,new,a-faiʔ,a + f ai ʔ,,
1811,chayangtajo,nose,a-pok,a + p o k,,
1812,chayangtajo,not,ba-,b a,,
1813,chayangtajo,oldofthings,a-ʧaiʔ,a + tʃ ai ʔ,,
1814,chayangtajo,one,hui,h ui,,
1815,chayangtajo,path,puzuɛ,p u z uɛ,,
1816,chayangtajo,rain,am-pɹuː,a m + p ɹ uː,,
1817,chayangtajo,red,a-rjuk,a + r j u k,,
1818,chayangtajo,root,a-reŋ,a + r e ŋ,,
1819,chayangtajo,torun,riʔ,r i ʔ,,
1820,chayangtajo,salt,hoŋ,h o ŋ,,
1821,chayangtajo,sand,pɹɛː-ʧeiʔ,p ɹ ɛː + tʃ ei ʔ,,
1822,chayangtajo,tosay,luiʔ,l ui ʔ,,
1823,chayangtajo,tosee,ʤei,dʒ ei,,
1824,chayangtajo,tosit,tuŋ,t u ŋ,,
1825,chayangtajo,skinhide,a-kəː,a + k əː,,
1826,chayangtajo,tosleep,rəm,r ə m,,
1827,chayangtajo,small,kə-siʔ,k ə + s i ʔ,,
1828,chayangtajo,smoke,bɛː-kɨː,b ɛː + k ɨː,,
1829,chayangtajo,stand,ʧiŋ,tʃ i ŋ,,
1830,chayangtajo,star,pə-ʤaiʔ,p ə + dʒ ai ʔ,,
1831,chayangtajo,stonerock,kə-bɹaː,k ə + b ɹ aː,,
1832,chayangtajo,sun,kriː,k r iː,,
1833,chayangtajo,sweet,a-piŋ,a + p i ŋ,,
1834,chayangtajo,tail,ni-mɹɛː,n i + m ɹ ɛː,,
1835,chayangtajo,totake,rei,r ei,,
1836,chayangtajo,thick,a-piʔ,a + p i ʔ,,
1837,chayangtajo,this,həŋ,h ə ŋ,,
1838,chayangtajo,tongue,a-rue,a + r ue,,
1839,chayangtajo,tooth,kə-tuaŋ,k ə + t ua ŋ,,
1840,chayangtajo,water,kua,k ua,,
1841,chayangtajo,what,hiː,h iː,,
1842,chayangtajo,white,a-rjuŋ,a + r j u ŋ,,
1843,chayangtajo,who,haː,h aː,,
1844,chayangtajo,wind,aŋ-huiʔ,a ŋ + h ui ʔ,,
1845,chayangtajo,wing,a-juiʔ,a + j ui ʔ,,
1846,chayangtajo,woman,a-mui,a + m ui,,
1847,chayangtajo,wood,hɹeŋ,h ɹ e ŋ,,
1848,chayangtajo,yesterday,bjariː,b j a r iː,,
1849,lasumpatte,1sg,go,g o,,
1850,lasumpatte,2sg,na,n a,,
1851,lasumpatte,3sg,wɛː,w ɛː,,
1852,lasumpatte,ant,gɹɛŋ-gɹo,g ɹ ɛ ŋ + g ɹ o,,
1853,lasumpatte,armhand,geiʔ,g ei ʔ,,
1854,lasumpatte,ash,bɛɛ-rak,b ɛː + r a k,,
1855,lasumpatte,big,kəlaː,k ə l aː,,
1856,lasumpatte,bird,pə-dou,p ə + d ou,,
1857,lasumpatte,bite,tua,t ua,,
1858,lasumpatte,bitter,a-ʧjaː,a + tʃ j aː,,
1859,lasumpatte,black,a-hjɛ̃,a + h j ɛ̃,,
1860,lasumpatte,blood,hue,h ue,,
1861,lasumpatte,bone,a-ʤaiʔ,a + dʒ ai ʔ,,
1862,lasumpatte,breast,a-njɛː,a + n j ɛː,,
1863,lasumpatte,toburnit,ʤɨː,dʒ ɨː,,
1864,lasumpatte,tocarryonback,ek,e k,,
1865,lasumpatte,cloud,ka-təː,k a + t əː,,
1866,lasumpatte,tocryweep,ʧjap,tʃ j a p,,
1867,lasumpatte,todie,iː,iː,,
1868,lasumpatte,todomake,kaiʔ,k ai ʔ,,
1869,lasumpatte,dog,kajoː,k a j oː,,
1870,lasumpatte,drink,riŋ,r i ŋ,,
1871,lasumpatte,dry,a-waiʔ,a + w ai ʔ,,
1872,lasumpatte,ear,(a)-kuiʔ,k ui ʔ,,
1873,lasumpatte,eat,ʧiː,tʃ iː,,
1874,lasumpatte,egg,mə-riː,m ə + r iː,,
1875,lasumpatte,eye,(a)-kək,k ə k,,
1876,lasumpatte,far,a-ʧjeː,a + tʃ j eː,,
1877,lasumpatte,fat,a-ʤua,a + dʒ ua,,
1878,lasumpatte,fingernail,gei-siʔ,g ei + s i ʔ,,
1879,lasumpatte,fire,bɛː,b ɛː,,
1880,lasumpatte,fish,kahuaŋ,k a h ua ŋ,,
1881,lasumpatte,fleshmeat,mə-rjeʔ,m ə + r j e ʔ,,
1882,lasumpatte,tofly,pjiʔ,p j i ʔ,,
1883,lasumpatte,full,ljɛː,l j ɛː,,
1884,lasumpatte,togive,taŋ,t a ŋ,,
1885,lasumpatte,togo,uː,uː,,
1886,lasumpatte,good,a-njaŋ,a + n j a ŋ,,
1887,lasumpatte,haironhead,kə-ʤak,k ə + dʒ a k,,
1888,lasumpatte,hard,a-kaː,a + k aː,,
1889,lasumpatte,head,a-kok,a + k o k,,
1890,lasumpatte,tohear,roŋ,r o ŋ,,
1891,lasumpatte,heavy,a-lei,a + l ei,,
1892,lasumpatte,tohide,rou-gəə,r ou + g əː,,
1893,lasumpatte,tokill,aiʔ,a i ʔ,,
1894,lasumpatte,horn,ko-waŋ,k o + w a ŋ,,
1895,lasumpatte,house,ʧuk,tʃ u k,,
1896,lasumpatte,in,aŋ-ɹaŋ,a ŋ + ɹ a ŋ,,
1897,lasumpatte,knee,ka-pei,k a + p ei,,
1898,lasumpatte,toknow,daiʔ,d ai ʔ,,
1899,lasumpatte,tolaugh,ruɛ,r uɛ,,
1900,lasumpatte,leaf,a-ləʔ,a + l ə ʔ,,
1901,lasumpatte,legfoot,(a)-lɛː,l ɛː,,
1902,lasumpatte,liver,a-pjiʔ,a + p j i ʔ,,
1903,lasumpatte,long,a-pɹaŋ,a + p ɹ a ŋ,,
1904,lasumpatte,louse,pɹɛː,p ɹ ɛː,,
1905,lasumpatte,moon,am-boː,a m + b oː,,
1906,lasumpatte,mouth,səʔ,s ə ʔ,,
1907,lasumpatte,name,a-bɹɛŋ,a + b ɹ ɛ ŋ,,
1908,lasumpatte,navel,rue-rei,r ue + r ei,,
1909,lasumpatte,neck,kə-tjuŋ,k ə + t j u ŋ,,
1910,lasumpatte,new,a-faiʔ,a + f ai ʔ,,
1911,lasumpatte,nose,a-pok,a + p o k,,
1912,lasumpatte,not,ba-,b a,,
1913,lasumpatte,oldofthings,a-ʧaiʔ,a + tʃ ai ʔ,,
1914,lasumpatte,one,hui,h ui,,
1915,lasumpatte,path,puzuɛ,p u z uɛ,,
1916,lasumpatte,rain,am-pjuː,a m + p j uː,,
1917,lasumpatte,red,a-rjuk,a + r j u k,,
1918,lasumpatte,root,a-reŋ,a + r e ŋ,,
1919,lasumpatte,torun,riʔ,r i ʔ,,
1920,lasumpatte,salt,hoŋ,h o ŋ,,
1921,lasumpatte,sand,pjɛː-ʧeʔ,p j ɛː + tʃ e ʔ,,
1922,lasumpatte,tosay,luiʔ,l ui ʔ,,
1923,lasumpatte,tosee,ʤei,dʒ ei,,
1924,lasumpatte,tosit,tuŋ,t u ŋ,,
1925,lasumpatte,skinhide,a-kəː,a + k əː,,
1926,lasumpatte,tosleep,rəm,r ə m,,
1927,lasumpatte,small,kə-siʔ,k ə + s i ʔ,,
1928,lasumpatte,smoke,bɛː-kɨː,b ɛː + k ɨː,,
1929,lasumpatte,stand,ʧiŋ,tʃ i ŋ,,
1930,lasumpatte,star,pə-ʤaiʔ,p ə + dʒ ai ʔ,,
1931,lasumpatte,stonerock,kə-bɹaː,k ə + b ɹ aː,,
1932,lasumpatte,sun,kriː,k r iː,,
1933,lasumpatte,sweet,a-piŋ,a + p i ŋ,,
1934,lasumpatte,tail,ni-mɹɛː,n i + m ɹ ɛː,,
1935,lasumpatte,totake,rei,r ei,,
1936,lasumpatte,thick,a-piʔ,a + p i ʔ,,
1937,lasumpatte,this,həŋ,h ə ŋ,,
1938,lasumpatte,tongue,a-rue,a + r ue,,
1939,lasumpatte,tooth,kə-tuaŋ,k ə + t ua ŋ,,
1940,lasumpatte,water,kua,k ua,,
1941,lasumpatte,what,hiː,h iː,,
1942,lasumpatte,white,a-rjuŋ,a + r j u ŋ,,
1943,lasumpatte,who,haː,h aː,,
1944,lasumpatte,wind,aŋ-huiʔ,a ŋ + h ui ʔ,,
1945,lasumpatte,wing,a-wiʔ,a + w i ʔ,,
1946,lasumpatte,woman,a-mui,a + m ui,,
1947,lasumpatte,wood,hjeŋ,h j e ŋ,,
1948,lasumpatte,yesterday,bjariː,b j a r iː,,
